Unique ID,Composition,doi,Phase,ρ (g/cm<sup>3</sup>),E (GPa),σ (MPa) at 23 C,σ(MPa) at 1000 C,σ(MPa) at 1200 C,G (GPa),C11 (GPa),Fracture Toughness,Ductility [%],Test Type
5-2426272829-2020202020-000009_1,CoCrCuFeNi,doi.org/10.1016/j.dib.2018.11.111,FCC,8.3,214,230,,,,,,,
5-2426272829-2020202020-000009_2,CoCrCuFeNi,doi.org/10.1016/j.dib.2018.11.111,FCC,8.3,206,230,,,,,,,
6-222426272829-091818181818-000009_1,CoCrCuFeNiTi<sub>0.5</sub>,doi.org/10.1016/j.dib.2018.11.111,FCC,7.8,206,700,,,,,,,
6-222426272829-091818181818-000009_2,CoCrCuFeNiTi<sub>0.5</sub>,doi.org/10.1016/j.dib.2018.11.111,FCC,7.8,198,700,,,,,,,
6-222426272829-131717171717-000009_1,CoCrCuFeNiTi<sub>0.8</sub>,doi.org/10.1016/j.dib.2018.11.111,FCC+Im,7.6,198,1042,,,,,,,
6-222426272829-161616161616-000009_1,CoCrCuFeNiTi,doi.org/10.1016/j.dib.2018.11.111,FCC,7.4,128,1272,,,,,,,
7-13222426272829-00491818181813-000009_1,Al<sub>0.25</sub>CoCrCu<sub>0.75</sub>FeNiTi<sub>0.5</sub>,doi.org/10.1016/j.dib.2018.11.111,FCC,7.5,198,750,,,,,,,
6-132426272829-091818181818-000009_1,Al<sub>0.5</sub>CoCrCuFeNi,doi.org/10.1016/j.dib.2018.11.111,,7.6,198,388,,,,,,,
6-132426272829-161616161616-000009_1,AlCoCrCuFeNi,doi.org/10.1016/j.dib.2018.11.111,FCC+BCC,7.1,187,950,,,,,,,
6-132426272829-161616161616-000009_3,AlCoCrCuFeNi,doi.org/10.1016/j.dib.2018.11.111,FCC+BCC,7.1,184,1303,,,,,,,
7-13242526272829-14141414141414-000009_1,AlCoCrCuFeMnNi,doi.org/10.1016/j.dib.2018.11.111,FCC+BCC+Im,7.1,183,1005,,,,,,,
7-13222426272829-14141414141414-000009_1,AlCoCrCuFeNiTi,doi.org/10.1016/j.dib.2018.11.111,FCC+BCC,6.6,,1234,,,,,,,
7-13232426272829-14141414141414-000009_1,AlCoCrCuFeNiV,doi.org/10.1016/j.dib.2018.11.111,FCC+BCC,6.9,174,1469,,,,,,,
6-132426272829-281414141414-000009_1,Al<sub>2</sub>CoCrCuFeNi,doi.org/10.1016/j.dib.2018.11.111,FCC+BCC,6.3,170,1620,,,,,,,
7-13222426272829-00099181818189-000009_1,Al<sub>0.5</sub>CoCrCu<sub>0.5</sub>FeNiTi<sub>0.5</sub>,doi.org/10.1016/j.dib.2018.11.111,FCC+BCC,7.1,,1580,,,,,,,
7-13222426272829-00139181818184-000009_1,Al<sub>0.75</sub>CoCrCu<sub>0.25</sub>FeNiTi<sub>0.5</sub>,doi.org/10.1016/j.dib.2018.11.111,FCC+BCC,6.8,,1900,,,,,,,
5-1322262729-2222152020-000009_1,Al<sub>1.125</sub>CuFe<sub>0.75</sub>NiTi<sub>1.125</sub>,doi.org/10.1016/j.dib.2018.11.111,FCC,5.9,178,980,,,,,,,
5-1322262729-2222152020-000009_2,Al<sub>22.5</sub>Cu<sub>20</sub>Fe<sub>15</sub>Ni<sub>20</sub>Ti<sub>22.5</sub>,doi.org/10.1016/j.dib.2018.11.111,FCC,5.9,140,980,,,,,,,
5-1322262729-2020202020-000009_1,AlCuFeNiTi,doi.org/10.1016/j.dib.2018.11.111,FCC,6.1,140,1074,,,,,,,
8-2223242526272829-1212121212121212-000009_1,CoCrCuFeMnNiTiV,doi.org/10.1016/j.dib.2018.11.111,FCC+BCC+Im,7.3,,1312,,,,,,,
9-132223242526272829-000000005855555555-000009_1,Al<sub>11.1</sub>(CoCrCuFeMnNiTiV),doi.org/10.1016/j.dib.2018.11.111,FCC+BCC,6.7,,1862,,,,,,,
9-132223242526272829-000000007133333333-000009_1,Al<sub>20</sub>(CoCrCuFeMnNiTiV)<sub>80</sub>,doi.org/10.1016/j.dib.2018.11.111,BCC,6.1,,1465,,,,,,,
9-132223242526272829-000000008322222222-000009_1,Al<sub>40</sub>(CoCrCuFeMnNiTiV)<sub>60</sub>,doi.org/10.1016/j.dib.2018.11.111,BCC+Im,5.1,,1461,,,,,,,
9-132223242526272829-011212121212121212-000013_1,Al<sub>0.125</sub>Co<sub>1</sub>Cr<sub>1</sub>Cu<sub>1</sub>Fe<sub>1</sub>Mn<sub>1</sub>Ni<sub>1</sub>Ti<sub>1</sub>V<sub>1</sub>,10.1038/s41597-020-00768-9,,,,1862,,,,,,,
6-132426272829-091818181818-000057_1,Al<sub>0.5</sub>CoCrCuFeNi,10.1016/j.jallcom.2013.08.176,FCC,,,400,,,,,,,
6-132426272829-091818181818-000057_2,Al<sub>0.5</sub>CoCrCuFeNi,10.1016/j.jallcom.2013.08.176,FCC,,,1400,,,,,,,
6-132426272829-091818181818-000057_3,Al<sub>0.5</sub>CoCrCuFeNi,10.1016/j.jallcom.2013.08.176,FCC,,,380,150,70,,,,,
6-132426272829-161616161616-000057_1,AlCoCrCuFeNi,10.1016/j.jallcom.2013.08.176,FCC + BCC,,,950,,,,,,,
6-132426272829-161616161616-000057_2,AlCoCrCuFeNi,10.1016/j.jallcom.2013.08.176,BCC + FCC,,,515,369,,,,,,
6-132426272829-161616161616-000057_3,AlCoCrCuFeNi,10.1016/j.jallcom.2013.08.176,FCC + BCC,,,1850,930,,,,,,
6-132426272829-161616161616-000057_6,AlCoCrCuFeNi,10.1016/j.jallcom.2013.08.176,FCC + BCC,,,950,50,,,,,,
6-132426272829-201515151515-000057_1,Al<sub>1.3</sub>CoCrCuFeNi,10.1016/j.jallcom.2013.08.176,BCC + FCC,,,1620,,,,,,,
6-132426272829-281414141414-000057_1,Al<sub>2</sub>CoCrCuFeNi,10.1016/j.jallcom.2013.08.176,FCC + BCC,,,1620,,,,,,,
6-132426272829-281414141414-000057_2,Al<sub>2</sub>CoCrCuFeNi,10.1016/j.jallcom.2013.08.176,FCC + BCC,,,1600,120,90,,,,,
6-132426272829-081818181818-000057_1,Al<sub>0.45</sub>CoCrCuFeNi,10.1016/j.jallcom.2013.08.176,,7.403,,335,,,,,,,
6-132426272829-161616161616-000057_1,AlCoCrCuFeNi,10.1016/j.jallcom.2013.08.176,,7.526,,332,,,,,,,
6-132426272829-331313131313-000057_1,Al<sub>2.5</sub>CoCrCuFeNi,10.1016/j.jallcom.2013.08.176,,6.506,,285,,,,,,,
6-132426272829-501010101010-000057_1,Al<sub>5</sub>CoCrCuFeNi,10.1016/j.jallcom.2013.08.176,,5.62,,344,,,,,,,
6-132426272829-091818181818-000079_1,Al<sub>0.5</sub>CoCrCuFeNi,10.1016/j.actamat.2015.07.004,FCC-1 + FCC-2,,,1284,,,,,,,
6-222426272829-131717171717-000080_1,CrFeCoNiCuTi<sub>0.8</sub>,10.1016/j.matdes.2015.06.072,,7.58,,1042,,,,,,,
6-222426272829-091818181818-000080_1,CrFeCoNiCuTi<sub>0.5</sub>,10.1016/j.matdes.2015.06.072,,7.82,,700,,,,,,,
5-2426272829-2020202020-000080_1,CrFeCoNiCu,10.1016/j.matdes.2015.06.072,,8.33,,230,,,,,,,
6-132426272829-161616161616-000080_1,AlCrFeCoNiCu,10.1016/j.matdes.2015.06.072,,7.07,,1303,,,,,,,
7-13232426272829-14141414141414-000080_1,AlCrFeCoNiCuV,10.1016/j.matdes.2015.06.072,,6.92,,1469,,,,,,,
7-13222426272829-00178171717174-000080_1,Cu<sub>0.25</sub>AlCoCrFeNiTi<sub>0.5</sub>,10.1016/j.matdes.2015.06.072,,6.54,,1994,,,,,,,
6-132426272829-161616161616-000086_1,AlCoCrCuFeNi,10.1016/j.jallcom.2010.03.074,,,,1300,,,,,,,
7-13242627282942-01616161616163-000086_1,AlCoCrCuFeNiMo<sub>0.2</sub>,10.1016/j.jallcom.2010.03.074,,,,1420,,,,,,,
7-13242627282942-01515151515156-000086_1,AlCoCrCuFeNiMo<sub>0.4</sub>,10.1016/j.jallcom.2010.03.074,,,,1690,,,,,,,
7-13242627282942-01515151515159-000086_1,AlCoCrCuFeNiMo<sub>0.6</sub>,10.1016/j.jallcom.2010.03.074,,,,1880,,,,,,,
7-13242627282942-14141414141411-000086_1,AlCoCrCuFeNiMo<sub>0.8</sub>,10.1016/j.jallcom.2010.03.074,,,,1920,,,,,,,
7-13242627282942-14141414141414-000086_1,AlCoCrCuFeNiMo,10.1016/j.jallcom.2010.03.074,,,,1750,,,,,,,
6-222426272829-091818181818-000107_1,CuCoNiFeCrTi<sub>0.5</sub>,10.1016/j.msea.2012.12.072,,,,1042,,,,,,2.11,C
6-132426272829-161616161616-000107_1,AlCuCoFeNiCr,10.1016/j.msea.2012.12.072,,,,1303,,,,,,24,C
7-13222426272829-14141414141414-000107_1,AlCuCoFeNiCrTi,10.1016/j.msea.2012.12.072,,,,1234,,,,,,9,C
7-13242526272829-14141414141414-000107_1,AlCuCoFeNiCrMn,10.1016/j.msea.2012.12.072,,,,1005,,,,,,15,C
7-13232426272829-14141414141414-000107_1,AlCuCoFeNiCrV,10.1016/j.msea.2012.12.072,,,,1469,,,,,,16,C
7-13222426272829-01216161616164-000107_1,TiCrFeCoNiAl<sub>0.75</sub>Cu<sub>0.25</sub>,10.1016/j.msea.2012.12.072,,,,1900,,,,,,12,C
7-13242627282942-01515151515159-000107_1,AlCuCoFeNiCrMo<sub>0.6</sub>,10.1016/j.msea.2012.12.072,,,,1880,,,,,,1.4,C
7-13222426272829-00168161616168-000107_1,AlCoNiFeCrTi<sub>0.5</sub>Cu<sub>0.5</sub>,10.1016/j.msea.2012.12.072,,,,1984,,,,,,6.04,C
6-222426272829-091818181818-000109_1,CuCoFeNiCrTi<sub>0.5</sub>,10.1016/j.matdes.2012.08.048,,,,700,,,,,,21.6,C
6-132426272829-161616161616-000109_1,CuCoFeNiCrAl,10.1016/j.matdes.2012.08.048,,,,1030,,,,,,24,C
7-13222426272829-14141414141414-000109_1,CuCoFeNiCrAlTi,10.1016/j.matdes.2012.08.048,,,,1230,,,,,,9,C
7-13242526272829-14141414141414-000109_1,CuCoFeNiCrAlMn,10.1016/j.matdes.2012.08.048,,,,1000,,,,,,15,C
7-13232426272829-14141414141414-000109_1,CuCoFeNiCrAlV,10.1016/j.matdes.2012.08.048,,,,1470,,,,,,16,C
7-13222426272829-00168161616168-000109_1,Cu<sub>0.5</sub>CoCrFeNiAlTi<sub>0.5</sub>,10.1016/j.matdes.2012.08.048,,,,1980,,,,,,6,C
7-13242627282942-01515151515156-000109_1,CuCoFeNiCrAlMo<sub>0.4</sub>,10.1016/j.matdes.2012.08.048,,,,1690,,,,,,1.5,C
6-132426272829-013191919199-000111_1,FeCrNiCoAl<sub>0.7</sub>Cu<sub>0.5</sub>,10.1016/j.msea.2014.01.044,FCC,,,630,,,,,,42.7,C
6-132426272829-015202020205-000111_1,FeCrNiCoAl<sub>0.75</sub>Cu<sub>0.25</sub>,10.1016/j.msea.2014.01.044,FCC,,,859,,,,,,43.6,C
8-01313222426272829-0013913131313136-000111_1,FeCrNiCoAl<sub>0.7</sub>Cu<sub>0.5</sub>þ<sub>10</sub> vol%TiC,10.1016/j.msea.2014.01.044,FCC,,,1290,,,,,,29.2,C
8-01413222426272829-0141014141414143-000111_1,FeCrNiCoAl<sub>0.75</sub>Cu<sub>0.25</sub>þ<sub>10</sub> vol%TiC,10.1016/j.msea.2014.01.044,FCC,,,1637,,,,,,31.8,C
6-222426272829-091818181818-000111_1,CoCrCuFeNiTi<sub>0.5</sub>,10.1016/j.msea.2014.01.044,FCC,,,700,,,,,,21.6,C
6-222426272829-131717171717-000111_1,CoCrCuFeNiTi<sub>0.8</sub>,10.1016/j.msea.2014.01.044,FCC,,,1042,,,,,,2.11,C
6-222426272829-161616161616-000111_1,CoCrCuFeNiTi,10.1016/j.msea.2014.01.044,FCC,,,1272,,,,,,1.6,C
9-132223242526272829-111111111111111111-000111_1,AlCrMnFeCoNiCuTiV,10.1016/j.msea.2014.01.044,FCC,,,1862,,,,,,0.95,C
6-132426272829-161616161616-000111_1,AlCrFeCoNiCu,10.1016/j.msea.2014.01.044,FCC,,,1303,,,,,,24,C
7-13242526272829-14141414141414-000111_1,AlCrFeCoNiCuMn,10.1016/j.msea.2014.01.044,FCC,,,1005,,,,,,15,C
7-13222426272829-14141414141414-000111_1,AlCrFeCoNiCuTi,10.1016/j.msea.2014.01.044,FCC,,,1234,,,,,,9,C
7-13232426272829-14141414141414-000111_1,AlCrFeCoNiCuV,10.1016/j.msea.2014.01.044,FCC,,,1469,,,,,,16,C
6-132426272829-161616161616-000128_1,AlCoCrCuFeNi,10.1016/j.msea.2017.02.072,BCC + FCC,,,1370,,,,,,12,C
6-132426272829-011919191919-000129_1,Al<sub>0.1</sub>CoCrCuFeNi,10.1016/j.wear.2017.01.020,FCC,7.45,186,160,,,,,,58,T
6-132326272829-021020302018-000143_1,Ni<sub>1.5</sub>CoFeCu<sub>0.9</sub>Al<sub>0.1</sub>V<sub>0.5</sub>,10.1016/j.msea.2017.09.119,FCC,,,1219,,,,,,35,C
6-132326272829-041020302016-000143_1,Ni<sub>1.5</sub>CoFeCu<sub>0.8</sub>Al<sub>0.2</sub>V<sub>0.5</sub>,10.1016/j.msea.2017.09.119,FCC,,,1504,,,,,,16.9,C
6-132326272829-061020302014-000143_1,Ni<sub>1.5</sub>CoFeCu<sub>0.7</sub>Al<sub>0.3</sub>V<sub>0.5</sub>,10.1016/j.msea.2017.09.119,FCC,,,1721,,,,,,9,C
5-1326272829-2020202020-000146_1,AlCoCuFeNi,10.1016/j.matdes.2016.12.036,,,202,1060,,,,,,19.1,C
6-132426272829-161616161616-000146_1,AlCoCuFeNiCr,10.1016/j.matdes.2016.12.036,,,219,1285,,,,,,24.6,C
6-132226272829-161616161616-000146_1,AlCoCuFeNiTi,10.1016/j.matdes.2016.12.036,,,231,1612,,,,,,12.8,C
7-13222426272829-14141414141414-000146_1,AlCoCuFeNiCrTi,10.1016/j.matdes.2016.12.036,,,239,1523,,,,,,8.1,C
5-2426272829-2020202020-000152_1,CoCrCuFeNi,10.1016/j.msea.2017.09.102,FCC,,,320,,,,,,60,C
6-242627282964-019191919190-000152_1,Gd<sub>0.05</sub>CoCrCuFeNi,10.1016/j.msea.2017.09.102,FCC,,,300,,,,,,60,C
6-242627282964-019191919191-000152_1,Gd<sub>0.1</sub>CoCrCuFeNi,10.1016/j.msea.2017.09.102,FCC,,,526,,,,,,22.9,C
6-242627282964-019191919193-000152_1,Gd<sub>0.2</sub>CoCrCuFeNi,10.1016/j.msea.2017.09.102,FCC,,,739,,,,,,16.6,C
6-242627282964-018181818185-000152_1,Gd<sub>0.3</sub>CoCrCuFeNi,10.1016/j.msea.2017.09.102,FCC,,,1132,,,,,,12.8,C
4-13242629-25252525-000154_1,AlFeCuCr,10.1007/s1254 0-019-00565 -z,,,,1950,,,,,,,
5-1213242629-1122222222-000154_1,AlFeCuCrMg<sub>0.5</sub>,10.1007/s1254 0-019-00565 -z,,,,2559,,,,,,,
5-1213242629-2020202020-000154_1,AlFeCuCrMg,10.1007/s1254 0-019-00565 -z,,,,2220,,,,,,,
5-1213242629-2718181818-000154_1,AlFeCuCrMg<sub>1.5</sub>,10.1007/s1254 0-019-00565 -z,,,,1559,,,,,,,
5-2526272829-2020202020-000162_1,FeMnNiCoCu,10.1016/j.matdes.2018.07.046,,,189.6,499,,,75.29,,,,
6-132426272829-161616161616-000174_1,AlCrCuNiFeCo,10.1016/j.matchemphys.2017.07.079,,,,18,,,,,,860,T
6-222426272829-091818181818-000177_1,CoCrCuFeNiTi<sub>0.5</sub>,10.1016/j.msea.2018.09.050,,,,700,,,,,,21.6,C
6-222426272829-131717171717-000177_1,CoCrCuFeNiTi<sub>0.8</sub>,10.1016/j.msea.2018.09.050,,,,1042,,,,,,2.11,C
6-222426272829-161616161616-000177_1,CoCrCuFeNiTi,10.1016/j.msea.2018.09.050,,,,1272,,,,,,1.6,C
6-242627282964-019191919191-000177_1,CoCrCuFeNiGd<sub>0.1</sub>,10.1016/j.msea.2018.09.050,,,,526,,,,,,22.9,C
6-242627282964-019191919193-000177_1,CoCrCuFeNiGd<sub>0.2</sub>,10.1016/j.msea.2018.09.050,,,,739,,,,,,16.6,C
6-242627282964-018181818185-000177_1,CoCrCuFeNiGd<sub>0.3</sub>,10.1016/j.msea.2018.09.050,,,,1132,,,,,,12.8,C
7-13222426272829-00178171717174-000185_1,Cu<sub>0.25</sub>AlCoCrFeNiTi<sub>0.5</sub>,10.1016/j.intermet.2018.09.011,BCC,,,1994,,,,,,9.05,C
6-132426272829-161616161616-000194_1,AlCoCrCuFeNi,10.1016/j.jallcom.2018.01.247,,,,1300,,,,,,9.9,C
7-13242627282942-01616161616163-000194_1,AlCoCrCuFeMo<sub>0.2</sub>Ni,10.1016/j.jallcom.2018.01.247,,,,1420,,,,,,3.5,C
7-13242627282942-01515151515156-000194_1,AlCoCrCuFeMo<sub>0.4</sub>Ni,10.1016/j.jallcom.2018.01.247,,,,1690,,,,,,1.5,C
7-13242627282942-01515151515159-000194_1,AlCoCrCuFeMo<sub>0.6</sub>Ni,10.1016/j.jallcom.2018.01.247,,,,1880,,,,,,1.4,C
7-13242627282942-14141414141411-000194_1,AlCoCrCuFeMo<sub>0.8</sub>Ni,10.1016/j.jallcom.2018.01.247,,,,1920,,,,,,1.2,C
7-13242627282942-14141414141414-000194_1,AlCoCrCuFeMoNi,10.1016/j.jallcom.2018.01.247,,,,1750,,,,,,1.1,C
6-222426272829-091818181818-000194_1,CoCrCuFeNiTi<sub>0.5</sub>,10.1016/j.jallcom.2018.01.247,,,,700,,,,,,21.6,C
6-222426272829-131717171717-000194_1,CoCrCuFeNiTi<sub>0.8</sub>,10.1016/j.jallcom.2018.01.247,,,,1042,,,,,,2.11,C
6-222426272829-161616161616-000194_1,CoCrCuFeNiTi,10.1016/j.jallcom.2018.01.247,,,,1272,,,,,,0,C
5-1326272829-2020202020-000209_1,FeCoNi(CuAl)<sub>0.8</sub>,10.1016/j.jallcom.2018.02.189,FCC,,,601,,,,,,37.2,C
6-132627282931-019191919190-000209_1,FeCoNi(CuAl)<sub>0.8</sub>Ga<sub>0.02</sub>,10.1016/j.jallcom.2018.02.189,FCC,,,803,,,,,,39.4,C
6-132627282931-019191919190-000209_2,FeCoNi(CuAl)<sub>0.8</sub>Ga<sub>0.04</sub>,10.1016/j.jallcom.2018.02.189,FCC,,,886,,,,,,28.9,C
6-132627282931-019191919191-000209_1,FeCoNi(CuAl)<sub>0.8</sub>Ga<sub>0.06</sub>,10.1016/j.jallcom.2018.02.189,FCC,,,993,,,,,,23.6,C
6-132627282931-019191919191-000209_2,FeCoNi(CuAl)<sub>0.8</sub>Ga<sub>0.08</sub>,10.1016/j.jallcom.2018.02.189,FCC,,,1176,,,,,,16.5,C
5-2526272829-2020202020-000216_1,CoCuFeMnNi,10.1016/j.matdes.2018.01.045,FCC,8.39,,342,,,,,,38,T
5-1326272829-0724242417-000216_1,Al<sub>8</sub>Co<sub>25</sub>Cu<sub>18</sub>Fe<sub>25</sub>Ni<sub>25</sub>,10.1016/j.matdes.2018.01.045,FCC,7.99,,192,,,,,,,
6-132426272829-201616161616-000219_1,Al<sub>1.25</sub>CoCrCuFeNi,10.1016/j.msea.2017.12.084,,,,1350,,,,,,15.3,C
6-132426272829-201616161616-000219_2,Al<sub>1.25</sub>CoCrCuFeNi,10.1016/j.msea.2017.12.084,,,,1300,,,,,,6,N/A
6-132426272829-201616161616-000219_3,Al<sub>1.25</sub>CoCrCuFeNi,10.1016/j.msea.2017.12.084,,,,1500,,,,,,12.5,N/A
6-132426272829-201616161616-000219_4,Al<sub>1.25</sub>CoCrCuFeNi,10.1016/j.msea.2017.12.084,,,,1000,,,,,,20,N/A
6-132426272829-201616161616-000219_5,Al<sub>1.25</sub>CoCrCuFeNi,10.1016/j.msea.2017.12.084,,,,790,,,,,,0.2,T
6-132426272829-201616161616-000219_6,Al<sub>1.25</sub>CoCrCuFeNi,10.1016/j.msea.2017.12.084,,,,1040,,,,,,1,N/A
6-132426272829-201616161616-000219_7,Al<sub>1.25</sub>CoCrCuFeNi,10.1016/j.msea.2017.12.084,,,,1430,,,,,,29.6,N/A
6-132426272829-201616161616-000219_8,Al<sub>1.25</sub>CoCrCuFeNi,10.1016/j.msea.2017.12.084,,,,2050,,,,,,4.5,N/A
6-132426272829-201616161616-000219_9,Al<sub>1.25</sub>CoCrCuFeNi,10.1016/j.msea.2017.12.084,,,,1900,,,,,,7.9,N/A
6-132426272829-201616161616-000219_10,Al<sub>1.25</sub>CoCrCuFeNi,10.1016/j.msea.2017.12.084,,,,1860,,,,,,10.5,N/A
6-132426272829-201616161616-000219_11,Al<sub>1.25</sub>CoCrCuFeNi,10.1016/j.msea.2017.12.084,,,,1760,,,,,,17.8,C
6-132426272829-201616161616-000219_12,Al<sub>1.25</sub>CoCrCuFeNi,10.1016/j.msea.2017.12.084,,,,1200,,,,,,31.6,N/A
6-132426272829-201616161616-000219_13,Al<sub>1.25</sub>CoCrCuFeNi,10.1016/j.msea.2017.12.084,,,,1200,,,,,,26.3,N/A
6-132426272829-201616161616-000219_14,Al<sub>1.25</sub>CoCrCuFeNi,10.1016/j.msea.2017.12.084,,,,1020,,,,,,47.4,N/A
7-016132426272829-01621616161616-000221_1,Al<sub>0.15</sub>CoCrCuFeNiC,10.1016/j.jallcom.2018.05.180,FCC,7.73,148.3,2047,,,,,,,
8-01313222426272829-0132131313131313-000221_1,Al<sub>0.15</sub>CoCrCuFeNiTiC,10.1016/j.jallcom.2018.05.180,FCC+BCC,6.87,161.3,2199,,,,,,,
8-01213222426272829-0121241212121212-000221_1,Al<sub>0.15</sub>CoCrCuFeNiTi<sub>2</sub>C,10.1016/j.jallcom.2018.05.180,FCC+BCC,6.7,179.3,2877,,,,,,,
5-2324252629-0029298291-000233_1,CrMn<sub>0.3</sub>FeVCu<sub>0.06</sub>,10.1016/j.jmst.2018.02.026,FCC+BCC,,,1273,,,,,,50.7,C
5-2324252629-0272713272-000233_1,CrMn<sub>0.5</sub>FeVCu<sub>0.10</sub>,10.1016/j.jmst.2018.02.026,FCC+BCC,,,1087,,,,,,49.2,C
5-2324252629-0262618263-000233_1,CrMn<sub>0.7</sub>FeVCu<sub>0.14</sub>,10.1016/j.jmst.2018.02.026,FCC+BCC,,,1068,,,,,,49.8,C
5-2324252629-0232323234-000233_1,CrMnFeVCu<sub>0.20</sub>,10.1016/j.jmst.2018.02.026,FCC+BCC,,,862,,,,,,48.7,C
5-2224262930-2020202020-000246_1,CuCrFeTiZn,10.1016/j.wear.2018.05.023,FCC+BCC,6.94,241,585,,,,,21.67,,
6-222426293082-101010101050-000246_1,(CuCrFeTiZn)<sub>95</sub>Pb<sub>5</sub>,10.1016/j.wear.2018.05.023,Multiphase,7.55,174,440,,,,,13.11,,
6-222426293082-000006666666-000246_1,(CuCrFeTiZn)<sub>90</sub>Pb<sub>10</sub>,10.1016/j.wear.2018.05.023,Multiphase,7.85,144,258,,,,,10.02,,
6-132426272829-161616161616-000262_1,CoCrFeNiCuAl,10.1016/j.intermet.2019.04.014,FCC+BCC,,,790,,,,,,0.2,T
5-2426272829-2020202020-000270_1,CoCrFeNiCu,10.1016/j.msea.2019.05.056,FCC,,,230,,,,,,,
7-13242526272829-14141414141414-000270_1,AlCrFeCoNiCuMn,10.1016/j.msea.2019.05.056,FCC + BCC,,,1005,,,,,,,
7-13222426272829-14141414141414-000270_1,AlCrFeCoNiCuTi,10.1016/j.msea.2019.05.056,BCC1+BCC2+FCC,,,1234,,,,,,,
5-1326272829-2222112222-000292_1,AlCoCuFeNi<sub>0.5</sub>,10.1016/j.jmst.2018.12.014,BCC+FCC+B2,,,929,,,,,,13.7,C
5-1326272829-2020162020-000292_1,AlCoCuFeNi<sub>0.8</sub>,10.1016/j.jmst.2018.12.014,BCC+FCC+B2,,,1021,,,,,,12.3,C
5-1326272829-2020202020-000292_1,AlCoCuFeNi<sub>1.0</sub>,10.1016/j.jmst.2018.12.014,FCC+BCC+B2,,,994,,,,,,24.5,C
5-1326272829-1818271818-000292_1,AlCoCuFeNi<sub>1.5</sub>,10.1016/j.jmst.2018.12.014,FCC+BCC+B2,,,680,,,,,,35.9,C
5-1326272829-1616331616-000292_1,AlCoCuFeNi<sub>2.0</sub>,10.1016/j.jmst.2018.12.014,FCC+BCC+B2,,,544,,,,,,,
5-1326272829-1414421414-000292_1,AlCoCuFeNi<sub>3.0</sub>,10.1016/j.jmst.2018.12.014,FCC,,,268,,,,,,,
6-132426272829-008171733178-000297_1,Al<sub>8</sub>Co<sub>17</sub>Cr<sub>17</sub>Cu<sub>8</sub>Fe<sub>17</sub>Ni<sub>33</sub>,10.1016/j.matchar.2018.06.036,FCC+L12,,,357,,,,,,9,T
6-132426272829-008171733178-000297_2,Al<sub>8</sub>Co<sub>17</sub>Cr<sub>17</sub>Cu<sub>8</sub>Fe<sub>17</sub>Ni<sub>33</sub>,10.1016/j.matchar.2018.06.036,FCC+L12,,,215,,,,,,39,T
6-132426272829-003181836183-000297_1,Al<sub>4</sub>Co<sub>19</sub>Cr<sub>19</sub>Cu<sub>4</sub>Fe<sub>19</sub>Ni<sub>37</sub>,10.1016/j.matchar.2018.06.036,FCC,,,719,,,,,,30,T
6-132426272829-003181836183-000297_2,Al<sub>4</sub>Co<sub>19</sub>Cr<sub>19</sub>Cu<sub>4</sub>Fe<sub>19</sub>Ni<sub>37</sub>,10.1016/j.matchar.2018.06.036,FCC+L12,,,460,,,,,,32,T
6-132426272829-008171733178-000297_3,Al<sub>8</sub>Co<sub>17</sub>Cr<sub>17</sub>Cu<sub>8</sub>Fe<sub>17</sub>Ni<sub>33</sub>,10.1016/j.matchar.2018.06.036,FCC+L12+Cr23C6,,,357,,,,,,9,T
6-132426272829-008171733178-000297_4,Al<sub>8</sub>Co<sub>17</sub>Cr<sub>17</sub>Cu<sub>8</sub>Fe<sub>17</sub>Ni<sub>33</sub>,10.1016/j.matchar.2018.06.036,FCC+L12+Cr23C6,,,365,,,,,,0.1,T
6-132426272829-008171733178-000297_5,Al<sub>8</sub>Co<sub>17</sub>Cr<sub>17</sub>Cu<sub>8</sub>Fe<sub>17</sub>Ni<sub>33</sub>,10.1016/j.matchar.2018.06.036,FCC+L12,,,215,,,,,,39,T
6-132426272829-091818181818-000297_1,Al<sub>9</sub>Co<sub>18</sub>Cr<sub>18</sub>Cu<sub>18</sub>Fe<sub>18</sub>Ni<sub>18</sub>,10.1016/j.matchar.2018.06.036,FCC1+FCC2,,,1284,,,,,,7.6,T
6-132426272829-091818181818-000297_2,Al<sub>9</sub>Co<sub>18</sub>Cr<sub>18</sub>Cu<sub>18</sub>Fe<sub>18</sub>Ni<sub>18</sub>,10.1016/j.matchar.2018.06.036,FCC,,,1290,,,,,,5,T
6-132426272829-091818181818-000297_3,Al<sub>9</sub>Co<sub>18</sub>Cr<sub>18</sub>Cu<sub>18</sub>Fe<sub>18</sub>Ni<sub>18</sub>,10.1016/j.matchar.2018.06.036,FCC1+FCC2,,,650,,,,,,27,T
6-132426272829-161616161616-000297_1,AlCoCrCuFeNi,10.1016/j.matchar.2018.06.036,BCC+FCC1+FCC2,,,790,,,,,,0.2,T
6-132426272829-161616161616-000297_2,AlCoCrCuFeNi,10.1016/j.matchar.2018.06.036,BCC+FCC1+FCC2+s,,,1040,,,,,,1,T
6-132426272829-003181836183-000297_3,Al<sub>4</sub>Co<sub>19</sub>Cr<sub>19</sub>Cu<sub>4</sub>Fe<sub>19</sub>Ni<sub>37</sub>,10.1016/j.matchar.2018.06.036,FCC,,,719,,,,,,30,T
6-132426272829-091818181818-000297_4,Al<sub>9</sub>Co<sub>18</sub>Cr<sub>18</sub>Cu<sub>18</sub>Fe<sub>18</sub>Ni<sub>18</sub>,10.1016/j.matchar.2018.06.036,FCC,,,1290,,,,,,5,T
6-132426272829-161616161616-000297_3,AlCoCrCuFeNi,10.1016/j.matchar.2018.06.036,BCC+FCC1+FCC2,,,350,,,,,,5,T
6-132426272829-161616161616-000297_4,AlCoCrCuFeNi,10.1016/j.matchar.2018.06.036,BCC+FCC1+FCC2+s,,,63,,,,,,63,T
6-132426272829-091818181818-000297_5,Al<sub>9</sub>Co<sub>18</sub>Cr<sub>18</sub>Cu<sub>18</sub>Fe<sub>18</sub>Ni<sub>18</sub>,10.1016/j.matchar.2018.06.036,FCC,,,180,,,,,,5,T
6-132426272829-091818181818-000297_6,Al<sub>9</sub>Co<sub>18</sub>Cr<sub>18</sub>Cu<sub>18</sub>Fe<sub>18</sub>Ni<sub>18</sub>,10.1016/j.matchar.2018.06.036,FCC1+FCC2,,,160,,,,,,12,T
6-132426272829-091818181818-000297_7,Al<sub>9</sub>Co<sub>18</sub>Cr<sub>18</sub>Cu<sub>18</sub>Fe<sub>18</sub>Ni<sub>18</sub>,10.1016/j.matchar.2018.06.036,FCC,,,180,,,,,,5,T
6-132426272829-161616161616-000299_1,AlCoCrCuFeNi,10.1016/j.mtla.2019.100259,,,,1051,,,,,,22.5,C
7-13242627282942-01515151515157-000299_1,AlCoCrCuFeNiMo<sub>0.5</sub>,10.1016/j.mtla.2019.100259,,,,2751,,,,,,2.5,C
6-132426272829-161616161616-000314_1,AlCoCrFeNiCu,10.1016/j.triboint.2018.10.012,BCC+B2,,,1170,,,,,,,
6-222426272829-131717171717-000318_1,CoCrCuFeNiTi<sub>0.8</sub>,10.1016/j.jallcom.2019.07.100,,,,1042,,,,,,2.11,C
6-222426272829-161616161616-000318_1,CoCrCuFeNiTi<sub>1.0</sub>,10.1016/j.jallcom.2019.07.100,,,,1272,,,,,,,
5-1326272829-2020202020-000318_1,AlCoCuFeNi,10.1016/j.jallcom.2019.07.100,,,,1060,,,,,,19.1,C
6-132426272829-161616161616-000318_1,AlCoCuFeNiCr,10.1016/j.jallcom.2019.07.100,,,,1285,,,,,,24.6,C
6-132226272829-161616161616-000318_1,AlCoCuFeNiTi,10.1016/j.jallcom.2019.07.100,,,,1612,,,,,,12.8,C
7-13222426272829-14141414141414-000318_1,AlCoCuFeNiCrTi,10.1016/j.jallcom.2019.07.100,,,,1523,,,,,,8.1,C
5-2426272829-2020202020-000375_1,CoCrCuFeNi,10.1016/j.jallcom.2020.156466,,,,230,,,,,,51,C
5-1322262729-2222152020-000375_1,Al<sub>22.5</sub>Cu<sub>20</sub>Fe<sub>15</sub>Ni<sub>20</sub>Ti<sub>22.5</sub>,10.1016/j.jallcom.2020.156466,,,,980,,,,,,6.6,C
5-1322262729-2020202020-000375_1,AlCuFeNiTi,10.1016/j.jallcom.2020.156466,,,,1074,,,,,,8.2,C
5-1322262729-2222152020-000375_2,Al<sub>22.5</sub>Cu<sub>20</sub>Fe<sub>15</sub>Ni<sub>20</sub>Ti<sub>22.5</sub>,10.1016/j.jallcom.2020.156466,,,,737,,,,,,8.8,C
5-1322262729-2020202020-000375_2,AlCuFeNiTi,10.1016/j.jallcom.2020.156466,,,,697,,,,,,4.3,C
6-132426272829-003181837183-000392_1,CrFeCoNi<sub>2</sub> Cu<sub>0.2</sub>Al<sub>0.2</sub>,10.1016/j.pmatsci.2020.100754,,,,720,,,,,,31,T
6-132426272829-003181837183-000392_2,CrFeCoNi<sub>2</sub> Cu<sub>0.2</sub>Al<sub>0.2</sub>,10.1016/j.pmatsci.2020.100754,,,,460,,,,,,32,T
6-132224252629-000063253333-000406_1,Al<sub>63</sub>Ti<sub>25</sub>Cr<sub>3</sub>Mn<sub>3</sub>Fe<sub>3</sub>Cu<sub>3</sub>,10.1016/j.scriptamat.2023.115928,Multiphase,3.65,,409,,,,,,20.5,C
6-132224252629-000060205555-000406_1,Al<sub>60</sub>Ti<sub>20</sub>Cr<sub>5</sub>Mn<sub>5</sub>Fe<sub>5</sub>Cu<sub>5</sub>,10.1016/j.scriptamat.2023.115928,Multiphase,3.88,,519,,,,,,18,C
6-132224252629-000552051055-000406_1,Al<sub>55</sub>Ti<sub>20</sub>Cr<sub>5</sub>Mn<sub>10</sub>Fe<sub>5</sub>Cu<sub>5</sub>,10.1016/j.scriptamat.2023.115928,Multiphase,4.08,,650,,,,,,16.7,C
6-132224252629-005020101055-000406_1,Al<sub>50</sub>Ti<sub>20</sub>Cr<sub>10</sub>Mn<sub>10</sub>Fe<sub>5</sub>Cu<sub>5</sub>,10.1016/j.scriptamat.2023.115928,Multiphase,4.27,,716,,,,,,12.4,C
5-2425262729-0242424241-000426_1,Cu<sub>0.07</sub>CrFeMnNi,10.1016/j.intermet.2023.108100,FCC,,206.21,109.28,,,80.9,,,,
5-2425262729-0242424243-000426_1,Cu<sub>0.14</sub>CrFeMnNi,10.1016/j.intermet.2023.108100,FCC,,207.74,108.62,,,81.56,,,,
6-132425262729-003232323231-000426_1,Al<sub>0.15</sub>Cu<sub>0.07</sub>CrFeMnNi,10.1016/j.intermet.2023.108100,FCC,,205.3,118.86,,,80.34,,,,
6-132425262729-003232323233-000426_1,Al<sub>0.15</sub>Cu<sub>0.14</sub>CrFeMnNi,10.1016/j.intermet.2023.108100,FCC,,205.42,119.72,,,80.42,,,,
6-132425262729-006222222221-000426_1,Al<sub>0.3</sub>Cu<sub>0.07</sub>CrFeMnNi,10.1016/j.intermet.2023.108100,FCC,,202.93,124.19,,,79.15,,,,
6-132425262729-006222222223-000426_1,Al<sub>0.3</sub>Cu<sub>0.14</sub>CrFeMnNi,10.1016/j.intermet.2023.108100,FCC,,203.96,117.13,,,79.82,,,,