Unique ID,Composition,doi,Phases present,Density (g/cm3),Elastic Modulus (GPa),Compressive strength (MPa),σ(MPa) at 1000 C,σ(MPa) at 1200 C,Shear Modulus (GPa),C11 Elastic Constant (GPa),Fracture Toughness,Ductility (%),Test Type,Al,C,Co,Cr,Cu,Fe,Ga,Gd,Mg,Mn,Mo,Ni,Pb,Ti,V,Zn,Total_Composition,Num_Elements,Cu_Fe_Ratio,Has_FCC_Phase,Has_BCC_Phase,Has_HCP_Phase,Has_IM_Phase,Num_Phases,FCC,BCC,HCP,IM,Source,Hardness (HVN),Plasticity (%) - Compressive,Processing_Temperature_C,Processing_Temperature_K,Num_Crystal_Structures,Ag,B,Ca,Ge,Hf,Li,N,Nb,Nd,Pd,Re,Sc,Si,Sn,Ta,W,Y,Zr,Method_Other,Method_Unknown,Method_annealing,Method_arc_melting,Method_as_cast,Method_room_temperature,Method_sintering,Cu_Content,Fe_Content
6-222426272829-091818181818-000009_1,CoCrCuFeNiTi<sub>0.5</sub>,doi.org/10.1016/j.dib.2018.11.111,FCC,7.8,206.0,700.0,150.0,80.0,80.34,0.0,13.11,15.15,,0.0,0.0,0.19899999999999998,0.19899999999999998,0.19899999999999998,0.19899999999999998,0.0,0.0,0.0,0.0,0.0,0.19899999999999998,0.0,0.005,0.0,0.0,0.9999999999999999,6,1.0,1,0,0,0,1.0,1,0,0,0,https://doi.org/10.1016/j.dib.2018.11.111,410.0,11.3,499.85,773.0,1,0.0,0.0,0.0,0.0,0.0,0.0,0.0,0.0,0.0,0.0,0.0,0.0,0.0,0.0,0.0,0.0,0.0,0.0,False,True,False,False,False,False,False,0.19899999999999998,0.19899999999999998
6-222426272829-091818181818-000009_2,CoCrCuFeNiTi<sub>0.5</sub>,doi.org/10.1016/j.dib.2018.11.111,FCC,7.8,198.0,700.0,150.0,80.0,80.34,0.0,13.11,15.15,,0.0,0.0,0.19899999999999998,0.19899999999999998,0.19899999999999998,0.19899999999999998,0.0,0.0,0.0,0.0,0.0,0.19899999999999998,0.0,0.005,0.0,0.0,0.9999999999999999,6,1.0,1,0,0,0,1.0,1,0,0,0,https://doi.org/10.1016/j.dib.2018.11.111,410.0,11.3,499.85,773.0,1,0.0,0.0,0.0,0.0,0.0,0.0,0.0,0.0,0.0,0.0,0.0,0.0,0.0,0.0,0.0,0.0,0.0,0.0,False,True,False,False,False,False,False,0.19899999999999998,0.19899999999999998
6-222426272829-131717171717-000009_1,CoCrCuFeNiTi<sub>0.8</sub>,doi.org/10.1016/j.dib.2018.11.111,FCC+Im,7.6,198.0,1042.0,150.0,80.0,80.34,0.0,13.11,15.15,,0.0,0.0,0.1984,0.1984,0.1984,0.1984,0.0,0.0,0.0,0.0,0.0,0.1984,0.0,0.008,0.0,0.0,1.0,6,1.0,1,0,0,1,2.0,1,0,0,1,https://doi.org/10.1016/j.dib.2018.11.111,410.0,11.3,499.85,773.0,2,0.0,0.0,0.0,0.0,0.0,0.0,0.0,0.0,0.0,0.0,0.0,0.0,0.0,0.0,0.0,0.0,0.0,0.0,False,True,False,False,False,False,False,0.1984,0.1984
7-13222426272829-00491818181813-000009_1,Al<sub>0.25</sub>CoCrCu<sub>0.75</sub>FeNiTi<sub>0.5</sub>,doi.org/10.1016/j.dib.2018.11.111,FCC,7.5,198.0,750.0,150.0,80.0,80.34,0.0,13.11,15.15,,0.0025,0.0,0.24625,0.24625,0.0075,0.24625,0.0,0.0,0.0,0.0,0.0,0.24625,0.0,0.005,0.0,0.0,0.9999999999999999,7,0.03045685279187817,1,0,0,0,1.0,1,0,0,0,https://doi.org/10.1016/j.dib.2018.11.111,410.0,11.3,499.85,773.0,1,0.0,0.0,0.0,0.0,0.0,0.0,0.0,0.0,0.0,0.0,0.0,0.0,0.0,0.0,0.0,0.0,0.0,0.0,False,True,False,False,False,False,False,0.0075,0.24625
6-132426272829-091818181818-000009_1,Al<sub>0.5</sub>CoCrCuFeNi,doi.org/10.1016/j.dib.2018.11.111,,7.6,198.0,388.0,150.0,80.0,80.34,0.0,13.11,15.15,,0.005,0.0,0.19899999999999998,0.19899999999999998,0.19899999999999998,0.19899999999999998,0.0,0.0,0.0,0.0,0.0,0.19899999999999998,0.0,0.0,0.0,0.0,0.9999999999999999,6,1.0,0,0,0,0,1.0,0,0,0,0,https://doi.org/10.1016/j.dib.2018.11.111,410.0,11.3,499.85,773.0,0,0.0,0.0,0.0,0.0,0.0,0.0,0.0,0.0,0.0,0.0,0.0,0.0,0.0,0.0,0.0,0.0,0.0,0.0,False,True,False,False,False,False,False,0.19899999999999998,0.19899999999999998
6-132426272829-161616161616-000009_3,AlCoCrCuFeNi,doi.org/10.1016/j.dib.2018.11.111,FCC+BCC,7.1,184.0,1303.0,150.0,80.0,80.34,0.0,13.11,15.15,,0.16666666666666669,0.0,0.16666666666666669,0.16666666666666669,0.16666666666666669,0.16666666666666669,0.0,0.0,0.0,0.0,0.0,0.16666666666666669,0.0,0.0,0.0,0.0,1.0000000000000002,6,1.0,1,1,0,0,2.0,1,1,0,0,https://doi.org/10.1016/j.dib.2018.11.111,410.0,11.3,499.85,773.0,2,0.0,0.0,0.0,0.0,0.0,0.0,0.0,0.0,0.0,0.0,0.0,0.0,0.0,0.0,0.0,0.0,0.0,0.0,False,True,False,False,False,False,False,0.16666666666666669,0.16666666666666669
6-132426272829-281414141414-000009_1,Al<sub>2</sub>CoCrCuFeNi,doi.org/10.1016/j.dib.2018.11.111,FCC+BCC,6.3,170.0,1620.0,150.0,80.0,80.34,0.0,13.11,15.15,,0.02,0.0,0.196,0.196,0.196,0.196,0.0,0.0,0.0,0.0,0.0,0.196,0.0,0.0,0.0,0.0,1.0,6,1.0,1,1,0,0,2.0,1,1,0,0,https://doi.org/10.1016/j.dib.2018.11.111,410.0,11.3,499.85,773.0,2,0.0,0.0,0.0,0.0,0.0,0.0,0.0,0.0,0.0,0.0,0.0,0.0,0.0,0.0,0.0,0.0,0.0,0.0,False,True,False,False,False,False,False,0.196,0.196
7-13222426272829-00099181818189-000009_1,Al<sub>0.5</sub>CoCrCu<sub>0.5</sub>FeNiTi<sub>0.5</sub>,doi.org/10.1016/j.dib.2018.11.111,FCC+BCC,7.1,198.0,1580.0,150.0,80.0,80.34,0.0,13.11,15.15,,0.005,0.0,0.24625,0.24625,0.005,0.24625,0.0,0.0,0.0,0.0,0.0,0.24625,0.0,0.005,0.0,0.0,0.9999999999999999,7,0.020304568527918784,1,1,0,0,2.0,1,1,0,0,https://doi.org/10.1016/j.dib.2018.11.111,410.0,11.3,499.85,773.0,2,0.0,0.0,0.0,0.0,0.0,0.0,0.0,0.0,0.0,0.0,0.0,0.0,0.0,0.0,0.0,0.0,0.0,0.0,False,True,False,False,False,False,False,0.005,0.24625
7-13222426272829-00139181818184-000009_1,Al<sub>0.75</sub>CoCrCu<sub>0.25</sub>FeNiTi<sub>0.5</sub>,doi.org/10.1016/j.dib.2018.11.111,FCC+BCC,6.8,198.0,1900.0,150.0,80.0,80.34,0.0,13.11,15.15,,0.0075,0.0,0.24625,0.24625,0.0025,0.24625,0.0,0.0,0.0,0.0,0.0,0.24625,0.0,0.005,0.0,0.0,0.9999999999999999,7,0.010152284263959392,1,1,0,0,2.0,1,1,0,0,https://doi.org/10.1016/j.dib.2018.11.111,410.0,11.3,499.85,773.0,2,0.0,0.0,0.0,0.0,0.0,0.0,0.0,0.0,0.0,0.0,0.0,0.0,0.0,0.0,0.0,0.0,0.0,0.0,False,True,False,False,False,False,False,0.0025,0.24625
5-1322262729-2222152020-000009_1,Al<sub>1.125</sub>CuFe<sub>0.75</sub>NiTi<sub>1.125</sub>,doi.org/10.1016/j.dib.2018.11.111,FCC,5.9,178.0,980.0,150.0,80.0,80.34,0.0,13.11,15.15,,0.01125,0.0,0.0,0.0,0.485,0.0075,0.0,0.0,0.0,0.0,0.0,0.485,0.0,0.01125,0.0,0.0,0.9999999999999999,5,64.66666666666667,1,0,0,0,1.0,1,0,0,0,https://doi.org/10.1016/j.dib.2018.11.111,410.0,11.3,499.85,773.0,1,0.0,0.0,0.0,0.0,0.0,0.0,0.0,0.0,0.0,0.0,0.0,0.0,0.0,0.0,0.0,0.0,0.0,0.0,False,True,False,False,False,False,False,0.485,0.0075
9-132223242526272829-011212121212121212-000013_1,Al<sub>0.125</sub>Co<sub>1</sub>Cr<sub>1</sub>Cu<sub>1</sub>Fe<sub>1</sub>Mn<sub>1</sub>Ni<sub>1</sub>Ti<sub>1</sub>V<sub>1</sub>,10.1038/s41597-020-00768-9,,7.085,198.0,1862.0,150.0,80.0,80.34,0.0,13.11,15.15,,0.015384615384615385,0.0,0.12307692307692308,0.12307692307692308,0.12307692307692308,0.12307692307692308,0.0,0.0,0.0,0.12307692307692308,0.0,0.12307692307692308,0.0,0.12307692307692308,0.12307692307692308,0.0,1.0,9,1.0,0,0,0,0,1.0,0,0,0,0,https://10.1038/s41597-020-00768-9,410.0,11.3,499.85,773.0,0,0.0,0.0,0.0,0.0,0.0,0.0,0.0,0.0,0.0,0.0,0.0,0.0,0.0,0.0,0.0,0.0,0.0,0.0,False,True,False,False,False,False,False,0.12307692307692308,0.12307692307692308
6-132426272829-091818181818-000057_1,Al<sub>0.5</sub>CoCrCuFeNi,10.1016/j.jallcom.2013.08.176,FCC,7.085,198.0,400.0,150.0,80.0,80.34,0.0,13.11,15.15,,0.005,0.0,0.19899999999999998,0.19899999999999998,0.19899999999999998,0.19899999999999998,0.0,0.0,0.0,0.0,0.0,0.19899999999999998,0.0,0.0,0.0,0.0,0.9999999999999999,6,1.0,1,0,0,0,1.0,1,0,0,0,https://10.1016/j.jallcom.2013.08.176,410.0,11.3,499.85,773.0,1,0.0,0.0,0.0,0.0,0.0,0.0,0.0,0.0,0.0,0.0,0.0,0.0,0.0,0.0,0.0,0.0,0.0,0.0,False,True,False,False,False,False,False,0.19899999999999998,0.19899999999999998
6-132426272829-091818181818-000057_2,Al<sub>0.5</sub>CoCrCuFeNi,10.1016/j.jallcom.2013.08.176,FCC,7.085,198.0,1400.0,150.0,80.0,80.34,0.0,13.11,15.15,,0.005,0.0,0.19899999999999998,0.19899999999999998,0.19899999999999998,0.19899999999999998,0.0,0.0,0.0,0.0,0.0,0.19899999999999998,0.0,0.0,0.0,0.0,0.9999999999999999,6,1.0,1,0,0,0,1.0,1,0,0,0,https://10.1016/j.jallcom.2013.08.176,410.0,11.3,499.85,773.0,1,0.0,0.0,0.0,0.0,0.0,0.0,0.0,0.0,0.0,0.0,0.0,0.0,0.0,0.0,0.0,0.0,0.0,0.0,False,True,False,False,False,False,False,0.19899999999999998,0.19899999999999998
6-132426272829-091818181818-000057_3,Al<sub>0.5</sub>CoCrCuFeNi,10.1016/j.jallcom.2013.08.176,FCC,7.085,198.0,380.0,150.0,70.0,80.34,0.0,13.11,15.15,,0.005,0.0,0.19899999999999998,0.19899999999999998,0.19899999999999998,0.19899999999999998,0.0,0.0,0.0,0.0,0.0,0.19899999999999998,0.0,0.0,0.0,0.0,0.9999999999999999,6,1.0,1,0,0,0,1.0,1,0,0,0,https://10.1016/j.jallcom.2013.08.176,410.0,11.3,499.85,773.0,1,0.0,0.0,0.0,0.0,0.0,0.0,0.0,0.0,0.0,0.0,0.0,0.0,0.0,0.0,0.0,0.0,0.0,0.0,False,True,False,False,False,False,False,0.19899999999999998,0.19899999999999998
6-132426272829-161616161616-000057_2,AlCoCrCuFeNi,10.1016/j.jallcom.2013.08.176,BCC + FCC,7.085,198.0,515.0,369.0,80.0,80.34,0.0,13.11,15.15,,0.16666666666666669,0.0,0.16666666666666669,0.16666666666666669,0.16666666666666669,0.16666666666666669,0.0,0.0,0.0,0.0,0.0,0.16666666666666669,0.0,0.0,0.0,0.0,1.0000000000000002,6,1.0,1,1,0,0,2.0,1,1,0,0,https://10.1016/j.jallcom.2013.08.176,410.0,11.3,499.85,773.0,2,0.0,0.0,0.0,0.0,0.0,0.0,0.0,0.0,0.0,0.0,0.0,0.0,0.0,0.0,0.0,0.0,0.0,0.0,False,True,False,False,False,False,False,0.16666666666666669,0.16666666666666669
6-132426272829-161616161616-000057_3,AlCoCrCuFeNi,10.1016/j.jallcom.2013.08.176,FCC + BCC,7.085,198.0,1850.0,930.0,80.0,80.34,0.0,13.11,15.15,,0.16666666666666669,0.0,0.16666666666666669,0.16666666666666669,0.16666666666666669,0.16666666666666669,0.0,0.0,0.0,0.0,0.0,0.16666666666666669,0.0,0.0,0.0,0.0,1.0000000000000002,6,1.0,1,1,0,0,2.0,1,1,0,0,https://10.1016/j.jallcom.2013.08.176,410.0,11.3,499.85,773.0,2,0.0,0.0,0.0,0.0,0.0,0.0,0.0,0.0,0.0,0.0,0.0,0.0,0.0,0.0,0.0,0.0,0.0,0.0,False,True,False,False,False,False,False,0.16666666666666669,0.16666666666666669
6-132426272829-201515151515-000057_1,Al<sub>1.3</sub>CoCrCuFeNi,10.1016/j.jallcom.2013.08.176,BCC + FCC,7.085,198.0,1620.0,150.0,80.0,80.34,0.0,13.11,15.15,,0.013,0.0,0.1974,0.1974,0.1974,0.1974,0.0,0.0,0.0,0.0,0.0,0.1974,0.0,0.0,0.0,0.0,1.0,6,1.0,1,1,0,0,2.0,1,1,0,0,https://10.1016/j.jallcom.2013.08.176,410.0,11.3,499.85,773.0,2,0.0,0.0,0.0,0.0,0.0,0.0,0.0,0.0,0.0,0.0,0.0,0.0,0.0,0.0,0.0,0.0,0.0,0.0,False,True,False,False,False,False,False,0.1974,0.1974
6-132426272829-281414141414-000057_1,Al<sub>2</sub>CoCrCuFeNi,10.1016/j.jallcom.2013.08.176,FCC + BCC,7.085,198.0,1620.0,150.0,80.0,80.34,0.0,13.11,15.15,,0.02,0.0,0.196,0.196,0.196,0.196,0.0,0.0,0.0,0.0,0.0,0.196,0.0,0.0,0.0,0.0,1.0,6,1.0,1,1,0,0,2.0,1,1,0,0,https://10.1016/j.jallcom.2013.08.176,410.0,11.3,499.85,773.0,2,0.0,0.0,0.0,0.0,0.0,0.0,0.0,0.0,0.0,0.0,0.0,0.0,0.0,0.0,0.0,0.0,0.0,0.0,False,True,False,False,False,False,False,0.196,0.196
6-132426272829-281414141414-000057_2,Al<sub>2</sub>CoCrCuFeNi,10.1016/j.jallcom.2013.08.176,FCC + BCC,7.085,198.0,1600.0,120.0,90.0,80.34,0.0,13.11,15.15,,0.02,0.0,0.196,0.196,0.196,0.196,0.0,0.0,0.0,0.0,0.0,0.196,0.0,0.0,0.0,0.0,1.0,6,1.0,1,1,0,0,2.0,1,1,0,0,https://10.1016/j.jallcom.2013.08.176,410.0,11.3,499.85,773.0,2,0.0,0.0,0.0,0.0,0.0,0.0,0.0,0.0,0.0,0.0,0.0,0.0,0.0,0.0,0.0,0.0,0.0,0.0,False,True,False,False,False,False,False,0.196,0.196
6-132426272829-081818181818-000057_1,Al<sub>0.45</sub>CoCrCuFeNi,10.1016/j.jallcom.2013.08.176,,7.403,198.0,335.0,150.0,80.0,80.34,0.0,13.11,15.15,,0.0045000000000000005,0.0,0.1991,0.1991,0.1991,0.1991,0.0,0.0,0.0,0.0,0.0,0.1991,0.0,0.0,0.0,0.0,1.0,6,1.0,0,0,0,0,1.0,0,0,0,0,https://10.1016/j.jallcom.2013.08.176,410.0,11.3,499.85,773.0,0,0.0,0.0,0.0,0.0,0.0,0.0,0.0,0.0,0.0,0.0,0.0,0.0,0.0,0.0,0.0,0.0,0.0,0.0,False,True,False,False,False,False,False,0.1991,0.1991
6-132426272829-161616161616-000057_1,AlCoCrCuFeNi,10.1016/j.jallcom.2013.08.176,,7.526,198.0,332.0,150.0,80.0,80.34,0.0,13.11,15.15,,0.16666666666666669,0.0,0.16666666666666669,0.16666666666666669,0.16666666666666669,0.16666666666666669,0.0,0.0,0.0,0.0,0.0,0.16666666666666669,0.0,0.0,0.0,0.0,1.0000000000000002,6,1.0,0,0,0,0,1.0,0,0,0,0,https://10.1016/j.jallcom.2013.08.176,410.0,11.3,499.85,773.0,0,0.0,0.0,0.0,0.0,0.0,0.0,0.0,0.0,0.0,0.0,0.0,0.0,0.0,0.0,0.0,0.0,0.0,0.0,False,True,False,False,False,False,False,0.16666666666666669,0.16666666666666669
6-132426272829-331313131313-000057_1,Al<sub>2.5</sub>CoCrCuFeNi,10.1016/j.jallcom.2013.08.176,,6.506,198.0,285.0,150.0,80.0,80.34,0.0,13.11,15.15,,0.025,0.0,0.195,0.195,0.195,0.195,0.0,0.0,0.0,0.0,0.0,0.195,0.0,0.0,0.0,0.0,1.0000000000000002,6,1.0,0,0,0,0,1.0,0,0,0,0,https://10.1016/j.jallcom.2013.08.176,410.0,11.3,499.85,773.0,0,0.0,0.0,0.0,0.0,0.0,0.0,0.0,0.0,0.0,0.0,0.0,0.0,0.0,0.0,0.0,0.0,0.0,0.0,False,True,False,False,False,False,False,0.195,0.195
6-132426272829-501010101010-000057_1,Al<sub>5</sub>CoCrCuFeNi,10.1016/j.jallcom.2013.08.176,,5.62,198.0,344.0,150.0,80.0,80.34,0.0,13.11,15.15,,0.05,0.0,0.19,0.19,0.19,0.19,0.0,0.0,0.0,0.0,0.0,0.19,0.0,0.0,0.0,0.0,1.0,6,1.0,0,0,0,0,1.0,0,0,0,0,https://10.1016/j.jallcom.2013.08.176,410.0,11.3,499.85,773.0,0,0.0,0.0,0.0,0.0,0.0,0.0,0.0,0.0,0.0,0.0,0.0,0.0,0.0,0.0,0.0,0.0,0.0,0.0,False,True,False,False,False,False,False,0.19,0.19
6-132426272829-091818181818-000079_1,Al<sub>0.5</sub>CoCrCuFeNi,10.1016/j.actamat.2015.07.004,FCC-1 + FCC-2,7.085,198.0,1284.0,150.0,80.0,80.34,0.0,13.11,15.15,,0.005,0.0,0.19899999999999998,0.19899999999999998,0.19899999999999998,0.19899999999999998,0.0,0.0,0.0,0.0,0.0,0.19899999999999998,0.0,0.0,0.0,0.0,0.9999999999999999,6,1.0,1,0,0,0,2.0,1,0,0,0,https://10.1016/j.actamat.2015.07.004,410.0,11.3,499.85,773.0,1,0.0,0.0,0.0,0.0,0.0,0.0,0.0,0.0,0.0,0.0,0.0,0.0,0.0,0.0,0.0,0.0,0.0,0.0,False,True,False,False,False,False,False,0.19899999999999998,0.19899999999999998
6-222426272829-131717171717-000080_1,CrFeCoNiCuTi<sub>0.8</sub>,10.1016/j.matdes.2015.06.072,,7.58,198.0,1042.0,150.0,80.0,80.34,0.0,13.11,15.15,,0.0,0.0,0.1984,0.1984,0.1984,0.1984,0.0,0.0,0.0,0.0,0.0,0.1984,0.0,0.008,0.0,0.0,1.0,6,1.0,0,0,0,0,1.0,0,0,0,0,https://10.1016/j.matdes.2015.06.072,410.0,11.3,499.85,773.0,0,0.0,0.0,0.0,0.0,0.0,0.0,0.0,0.0,0.0,0.0,0.0,0.0,0.0,0.0,0.0,0.0,0.0,0.0,False,True,False,False,False,False,False,0.1984,0.1984
6-222426272829-091818181818-000080_1,CrFeCoNiCuTi<sub>0.5</sub>,10.1016/j.matdes.2015.06.072,,7.82,198.0,700.0,150.0,80.0,80.34,0.0,13.11,15.15,,0.0,0.0,0.19899999999999998,0.19899999999999998,0.19899999999999998,0.19899999999999998,0.0,0.0,0.0,0.0,0.0,0.19899999999999998,0.0,0.005,0.0,0.0,0.9999999999999999,6,1.0,0,0,0,0,1.0,0,0,0,0,https://10.1016/j.matdes.2015.06.072,410.0,11.3,499.85,773.0,0,0.0,0.0,0.0,0.0,0.0,0.0,0.0,0.0,0.0,0.0,0.0,0.0,0.0,0.0,0.0,0.0,0.0,0.0,False,True,False,False,False,False,False,0.19899999999999998,0.19899999999999998
6-132426272829-161616161616-000080_1,AlCrFeCoNiCu,10.1016/j.matdes.2015.06.072,,7.07,198.0,1303.0,150.0,80.0,80.34,0.0,13.11,15.15,,0.16666666666666669,0.0,0.16666666666666669,0.16666666666666669,0.16666666666666669,0.16666666666666669,0.0,0.0,0.0,0.0,0.0,0.16666666666666669,0.0,0.0,0.0,0.0,1.0000000000000002,6,1.0,0,0,0,0,1.0,0,0,0,0,https://10.1016/j.matdes.2015.06.072,410.0,11.3,499.85,773.0,0,0.0,0.0,0.0,0.0,0.0,0.0,0.0,0.0,0.0,0.0,0.0,0.0,0.0,0.0,0.0,0.0,0.0,0.0,False,True,False,False,False,False,False,0.16666666666666669,0.16666666666666669
7-13222426272829-00178171717174-000080_1,Cu<sub>0.25</sub>AlCoCrFeNiTi<sub>0.5</sub>,10.1016/j.matdes.2015.06.072,,6.54,198.0,1994.0,150.0,80.0,80.34,0.0,13.11,15.15,,0.1985,0.0,0.1985,0.1985,0.0025,0.1985,0.0,0.0,0.0,0.0,0.0,0.1985,0.0,0.005,0.0,0.0,1.0,7,0.012594458438287152,0,0,0,0,1.0,0,0,0,0,https://10.1016/j.matdes.2015.06.072,410.0,11.3,499.85,773.0,0,0.0,0.0,0.0,0.0,0.0,0.0,0.0,0.0,0.0,0.0,0.0,0.0,0.0,0.0,0.0,0.0,0.0,0.0,False,True,False,False,False,False,False,0.0025,0.1985
6-132426272829-161616161616-000086_1,AlCoCrCuFeNi,10.1016/j.jallcom.2010.03.074,,7.085,198.0,1300.0,150.0,80.0,80.34,0.0,13.11,15.15,,0.16666666666666669,0.0,0.16666666666666669,0.16666666666666669,0.16666666666666669,0.16666666666666669,0.0,0.0,0.0,0.0,0.0,0.16666666666666669,0.0,0.0,0.0,0.0,1.0000000000000002,6,1.0,0,0,0,0,1.0,0,0,0,0,https://10.1016/j.jallcom.2010.03.074,410.0,11.3,499.85,773.0,0,0.0,0.0,0.0,0.0,0.0,0.0,0.0,0.0,0.0,0.0,0.0,0.0,0.0,0.0,0.0,0.0,0.0,0.0,False,True,False,False,False,False,False,0.16666666666666669,0.16666666666666669
7-13242627282942-01616161616163-000086_1,AlCoCrCuFeNiMo<sub>0.2</sub>,10.1016/j.jallcom.2010.03.074,,7.085,198.0,1420.0,150.0,80.0,80.34,0.0,13.11,15.15,,0.16633333333333333,0.0,0.16633333333333333,0.16633333333333333,0.16633333333333333,0.16633333333333333,0.0,0.0,0.0,0.0,0.002,0.16633333333333333,0.0,0.0,0.0,0.0,1.0,7,1.0,0,0,0,0,1.0,0,0,0,0,https://10.1016/j.jallcom.2010.03.074,410.0,11.3,499.85,773.0,0,0.0,0.0,0.0,0.0,0.0,0.0,0.0,0.0,0.0,0.0,0.0,0.0,0.0,0.0,0.0,0.0,0.0,0.0,False,True,False,False,False,False,False,0.16633333333333333,0.16633333333333333
7-13242627282942-01515151515156-000086_1,AlCoCrCuFeNiMo<sub>0.4</sub>,10.1016/j.jallcom.2010.03.074,,7.085,198.0,1690.0,150.0,80.0,80.34,0.0,13.11,15.15,,0.166,0.0,0.166,0.166,0.166,0.166,0.0,0.0,0.0,0.0,0.004000000000000001,0.166,0.0,0.0,0.0,0.0,1.0,7,1.0,0,0,0,0,1.0,0,0,0,0,https://10.1016/j.jallcom.2010.03.074,410.0,11.3,499.85,773.0,0,0.0,0.0,0.0,0.0,0.0,0.0,0.0,0.0,0.0,0.0,0.0,0.0,0.0,0.0,0.0,0.0,0.0,0.0,False,True,False,False,False,False,False,0.166,0.166
7-13242627282942-01515151515159-000086_1,AlCoCrCuFeNiMo<sub>0.6</sub>,10.1016/j.jallcom.2010.03.074,,7.085,198.0,1880.0,150.0,80.0,80.34,0.0,13.11,15.15,,0.16566666666666666,0.0,0.16566666666666666,0.16566666666666666,0.16566666666666666,0.16566666666666666,0.0,0.0,0.0,0.0,0.006,0.16566666666666666,0.0,0.0,0.0,0.0,0.9999999999999999,7,1.0,0,0,0,0,1.0,0,0,0,0,https://10.1016/j.jallcom.2010.03.074,410.0,11.3,499.85,773.0,0,0.0,0.0,0.0,0.0,0.0,0.0,0.0,0.0,0.0,0.0,0.0,0.0,0.0,0.0,0.0,0.0,0.0,0.0,False,True,False,False,False,False,False,0.16566666666666666,0.16566666666666666
7-13242627282942-14141414141411-000086_1,AlCoCrCuFeNiMo<sub>0.8</sub>,10.1016/j.jallcom.2010.03.074,,7.085,198.0,1920.0,150.0,80.0,80.34,0.0,13.11,15.15,,0.16533333333333333,0.0,0.16533333333333333,0.16533333333333333,0.16533333333333333,0.16533333333333333,0.0,0.0,0.0,0.0,0.008,0.16533333333333333,0.0,0.0,0.0,0.0,1.0,7,1.0,0,0,0,0,1.0,0,0,0,0,https://10.1016/j.jallcom.2010.03.074,410.0,11.3,499.85,773.0,0,0.0,0.0,0.0,0.0,0.0,0.0,0.0,0.0,0.0,0.0,0.0,0.0,0.0,0.0,0.0,0.0,0.0,0.0,False,True,False,False,False,False,False,0.16533333333333333,0.16533333333333333
7-13242627282942-14141414141414-000086_1,AlCoCrCuFeNiMo,10.1016/j.jallcom.2010.03.074,,7.085,198.0,1750.0,150.0,80.0,80.34,0.0,13.11,15.15,,0.14285714285714288,0.0,0.14285714285714288,0.14285714285714288,0.14285714285714288,0.14285714285714288,0.0,0.0,0.0,0.0,0.14285714285714288,0.14285714285714288,0.0,0.0,0.0,0.0,1.0000000000000002,7,1.0,0,0,0,0,1.0,0,0,0,0,https://10.1016/j.jallcom.2010.03.074,410.0,11.3,499.85,773.0,0,0.0,0.0,0.0,0.0,0.0,0.0,0.0,0.0,0.0,0.0,0.0,0.0,0.0,0.0,0.0,0.0,0.0,0.0,False,True,False,False,False,False,False,0.14285714285714288,0.14285714285714288
6-222426272829-091818181818-000107_1,CuCoNiFeCrTi<sub>0.5</sub>,10.1016/j.msea.2012.12.072,,7.085,198.0,1042.0,150.0,80.0,80.34,0.0,13.11,2.11,C,0.0,0.0,0.19899999999999998,0.19899999999999998,0.19899999999999998,0.19899999999999998,0.0,0.0,0.0,0.0,0.0,0.19899999999999998,0.0,0.005,0.0,0.0,0.9999999999999999,6,1.0,0,0,0,0,1.0,0,0,0,0,https://10.1016/j.msea.2012.12.072,410.0,11.3,499.85,773.0,0,0.0,0.0,0.0,0.0,0.0,0.0,0.0,0.0,0.0,0.0,0.0,0.0,0.0,0.0,0.0,0.0,0.0,0.0,False,True,False,False,False,False,False,0.19899999999999998,0.19899999999999998
6-132426272829-161616161616-000107_1,AlCuCoFeNiCr,10.1016/j.msea.2012.12.072,,7.085,198.0,1303.0,150.0,80.0,80.34,0.0,13.11,24.0,C,0.16666666666666669,0.0,0.16666666666666669,0.16666666666666669,0.16666666666666669,0.16666666666666669,0.0,0.0,0.0,0.0,0.0,0.16666666666666669,0.0,0.0,0.0,0.0,1.0000000000000002,6,1.0,0,0,0,0,1.0,0,0,0,0,https://10.1016/j.msea.2012.12.072,410.0,11.3,499.85,773.0,0,0.0,0.0,0.0,0.0,0.0,0.0,0.0,0.0,0.0,0.0,0.0,0.0,0.0,0.0,0.0,0.0,0.0,0.0,False,True,False,False,False,False,False,0.16666666666666669,0.16666666666666669
7-13222426272829-01216161616164-000107_1,TiCrFeCoNiAl<sub>0.75</sub>Cu<sub>0.25</sub>,10.1016/j.msea.2012.12.072,,7.085,198.0,1900.0,150.0,80.0,80.34,0.0,13.11,12.0,C,0.0075,0.0,0.198,0.198,0.0025,0.198,0.0,0.0,0.0,0.0,0.0,0.198,0.0,0.198,0.0,0.0,1.0,7,0.012626262626262626,0,0,0,0,1.0,0,0,0,0,https://10.1016/j.msea.2012.12.072,410.0,11.3,499.85,773.0,0,0.0,0.0,0.0,0.0,0.0,0.0,0.0,0.0,0.0,0.0,0.0,0.0,0.0,0.0,0.0,0.0,0.0,0.0,False,True,False,False,False,False,False,0.0025,0.198
7-13242627282942-01515151515159-000107_1,AlCuCoFeNiCrMo<sub>0.6</sub>,10.1016/j.msea.2012.12.072,,7.085,198.0,1880.0,150.0,80.0,80.34,0.0,13.11,1.4,C,0.16566666666666666,0.0,0.16566666666666666,0.16566666666666666,0.16566666666666666,0.16566666666666666,0.0,0.0,0.0,0.0,0.006,0.16566666666666666,0.0,0.0,0.0,0.0,0.9999999999999999,7,1.0,0,0,0,0,1.0,0,0,0,0,https://10.1016/j.msea.2012.12.072,410.0,11.3,499.85,773.0,0,0.0,0.0,0.0,0.0,0.0,0.0,0.0,0.0,0.0,0.0,0.0,0.0,0.0,0.0,0.0,0.0,0.0,0.0,False,True,False,False,False,False,False,0.16566666666666666,0.16566666666666666
7-13222426272829-00168161616168-000107_1,AlCoNiFeCrTi<sub>0.5</sub>Cu<sub>0.5</sub>,10.1016/j.msea.2012.12.072,,7.085,198.0,1984.0,150.0,80.0,80.34,0.0,13.11,6.04,C,0.198,0.0,0.198,0.198,0.005,0.198,0.0,0.0,0.0,0.0,0.0,0.198,0.0,0.005,0.0,0.0,1.0,7,0.025252525252525252,0,0,0,0,1.0,0,0,0,0,https://10.1016/j.msea.2012.12.072,410.0,11.3,499.85,773.0,0,0.0,0.0,0.0,0.0,0.0,0.0,0.0,0.0,0.0,0.0,0.0,0.0,0.0,0.0,0.0,0.0,0.0,0.0,False,True,False,False,False,False,False,0.005,0.198
6-222426272829-091818181818-000109_1,CuCoFeNiCrTi<sub>0.5</sub>,10.1016/j.matdes.2012.08.048,,7.085,198.0,700.0,150.0,80.0,80.34,0.0,13.11,21.6,C,0.0,0.0,0.19899999999999998,0.19899999999999998,0.19899999999999998,0.19899999999999998,0.0,0.0,0.0,0.0,0.0,0.19899999999999998,0.0,0.005,0.0,0.0,0.9999999999999999,6,1.0,0,0,0,0,1.0,0,0,0,0,https://10.1016/j.matdes.2012.08.048,410.0,11.3,499.85,773.0,0,0.0,0.0,0.0,0.0,0.0,0.0,0.0,0.0,0.0,0.0,0.0,0.0,0.0,0.0,0.0,0.0,0.0,0.0,False,True,False,False,False,False,False,0.19899999999999998,0.19899999999999998
6-132426272829-161616161616-000109_1,CuCoFeNiCrAl,10.1016/j.matdes.2012.08.048,,7.085,198.0,1030.0,150.0,80.0,80.34,0.0,13.11,24.0,C,0.16666666666666669,0.0,0.16666666666666669,0.16666666666666669,0.16666666666666669,0.16666666666666669,0.0,0.0,0.0,0.0,0.0,0.16666666666666669,0.0,0.0,0.0,0.0,1.0000000000000002,6,1.0,0,0,0,0,1.0,0,0,0,0,https://10.1016/j.matdes.2012.08.048,410.0,11.3,499.85,773.0,0,0.0,0.0,0.0,0.0,0.0,0.0,0.0,0.0,0.0,0.0,0.0,0.0,0.0,0.0,0.0,0.0,0.0,0.0,False,True,False,False,False,False,False,0.16666666666666669,0.16666666666666669
7-13222426272829-00168161616168-000109_1,Cu<sub>0.5</sub>CoCrFeNiAlTi<sub>0.5</sub>,10.1016/j.matdes.2012.08.048,,7.085,198.0,1980.0,150.0,80.0,80.34,0.0,13.11,6.0,C,0.198,0.0,0.198,0.198,0.005,0.198,0.0,0.0,0.0,0.0,0.0,0.198,0.0,0.005,0.0,0.0,1.0,7,0.025252525252525252,0,0,0,0,1.0,0,0,0,0,https://10.1016/j.matdes.2012.08.048,410.0,11.3,499.85,773.0,0,0.0,0.0,0.0,0.0,0.0,0.0,0.0,0.0,0.0,0.0,0.0,0.0,0.0,0.0,0.0,0.0,0.0,0.0,False,True,False,False,False,False,False,0.005,0.198
7-13242627282942-01515151515156-000109_1,CuCoFeNiCrAlMo<sub>0.4</sub>,10.1016/j.matdes.2012.08.048,,7.085,198.0,1690.0,150.0,80.0,80.34,0.0,13.11,1.5,C,0.166,0.0,0.166,0.166,0.166,0.166,0.0,0.0,0.0,0.0,0.004000000000000001,0.166,0.0,0.0,0.0,0.0,1.0,7,1.0,0,0,0,0,1.0,0,0,0,0,https://10.1016/j.matdes.2012.08.048,410.0,11.3,499.85,773.0,0,0.0,0.0,0.0,0.0,0.0,0.0,0.0,0.0,0.0,0.0,0.0,0.0,0.0,0.0,0.0,0.0,0.0,0.0,False,True,False,False,False,False,False,0.166,0.166
6-132426272829-013191919199-000111_1,FeCrNiCoAl<sub>0.7</sub>Cu<sub>0.5</sub>,10.1016/j.msea.2014.01.044,FCC,7.085,198.0,630.0,150.0,80.0,80.34,0.0,13.11,42.7,C,0.006999999999999999,0.0,0.247,0.247,0.005,0.247,0.0,0.0,0.0,0.0,0.0,0.247,0.0,0.0,0.0,0.0,1.0,6,0.020242914979757085,1,0,0,0,1.0,1,0,0,0,https://10.1016/j.msea.2014.01.044,410.0,11.3,499.85,773.0,1,0.0,0.0,0.0,0.0,0.0,0.0,0.0,0.0,0.0,0.0,0.0,0.0,0.0,0.0,0.0,0.0,0.0,0.0,False,True,False,False,False,False,False,0.005,0.247
6-132426272829-015202020205-000111_1,FeCrNiCoAl<sub>0.75</sub>Cu<sub>0.25</sub>,10.1016/j.msea.2014.01.044,FCC,7.085,198.0,859.0,150.0,80.0,80.34,0.0,13.11,43.6,C,0.0075,0.0,0.2475,0.2475,0.0025,0.2475,0.0,0.0,0.0,0.0,0.0,0.2475,0.0,0.0,0.0,0.0,1.0,6,0.010101010101010102,1,0,0,0,1.0,1,0,0,0,https://10.1016/j.msea.2014.01.044,410.0,11.3,499.85,773.0,1,0.0,0.0,0.0,0.0,0.0,0.0,0.0,0.0,0.0,0.0,0.0,0.0,0.0,0.0,0.0,0.0,0.0,0.0,False,True,False,False,False,False,False,0.0025,0.2475
8-01313222426272829-0013913131313136-000111_1,FeCrNiCoAl<sub>0.7</sub>Cu<sub>0.5</sub>þ<sub>10</sub> vol%TiC,10.1016/j.msea.2014.01.044,FCC,7.085,198.0,1290.0,150.0,80.0,80.34,0.0,13.11,29.2,C,0.007,0.16466666666666668,0.16466666666666668,0.16466666666666668,0.005000000000000001,0.16466666666666668,0.0,0.0,0.0,0.0,0.0,0.16466666666666668,0.0,0.16466666666666668,0.0,0.0,1.0000000000000002,8,0.03036437246963563,1,0,0,0,1.0,1,0,0,0,https://10.1016/j.msea.2014.01.044,410.0,11.3,499.85,773.0,1,0.0,0.0,0.0,0.0,0.0,0.0,0.0,0.0,0.0,0.0,0.0,0.0,0.0,0.0,0.0,0.0,0.0,0.0,False,True,False,False,False,False,False,0.005000000000000001,0.16466666666666668
8-01413222426272829-0141014141414143-000111_1,FeCrNiCoAl<sub>0.75</sub>Cu<sub>0.25</sub>þ<sub>10</sub> vol%TiC,10.1016/j.msea.2014.01.044,FCC,7.085,198.0,1637.0,150.0,80.0,80.34,0.0,13.11,31.8,C,0.0075,0.165,0.165,0.165,0.0025,0.165,0.0,0.0,0.0,0.0,0.0,0.165,0.0,0.165,0.0,0.0,1.0,8,0.015151515151515152,1,0,0,0,1.0,1,0,0,0,https://10.1016/j.msea.2014.01.044,410.0,11.3,499.85,773.0,1,0.0,0.0,0.0,0.0,0.0,0.0,0.0,0.0,0.0,0.0,0.0,0.0,0.0,0.0,0.0,0.0,0.0,0.0,False,True,False,False,False,False,False,0.0025,0.165
6-222426272829-091818181818-000111_1,CoCrCuFeNiTi<sub>0.5</sub>,10.1016/j.msea.2014.01.044,FCC,7.085,198.0,700.0,150.0,80.0,80.34,0.0,13.11,21.6,C,0.0,0.0,0.19899999999999998,0.19899999999999998,0.19899999999999998,0.19899999999999998,0.0,0.0,0.0,0.0,0.0,0.19899999999999998,0.0,0.005,0.0,0.0,0.9999999999999999,6,1.0,1,0,0,0,1.0,1,0,0,0,https://10.1016/j.msea.2014.01.044,410.0,11.3,499.85,773.0,1,0.0,0.0,0.0,0.0,0.0,0.0,0.0,0.0,0.0,0.0,0.0,0.0,0.0,0.0,0.0,0.0,0.0,0.0,False,True,False,False,False,False,False,0.19899999999999998,0.19899999999999998
6-222426272829-131717171717-000111_1,CoCrCuFeNiTi<sub>0.8</sub>,10.1016/j.msea.2014.01.044,FCC,7.085,198.0,1042.0,150.0,80.0,80.34,0.0,13.11,2.11,C,0.0,0.0,0.1984,0.1984,0.1984,0.1984,0.0,0.0,0.0,0.0,0.0,0.1984,0.0,0.008,0.0,0.0,1.0,6,1.0,1,0,0,0,1.0,1,0,0,0,https://10.1016/j.msea.2014.01.044,410.0,11.3,499.85,773.0,1,0.0,0.0,0.0,0.0,0.0,0.0,0.0,0.0,0.0,0.0,0.0,0.0,0.0,0.0,0.0,0.0,0.0,0.0,False,True,False,False,False,False,False,0.1984,0.1984
6-132426272829-161616161616-000111_1,AlCrFeCoNiCu,10.1016/j.msea.2014.01.044,FCC,7.085,198.0,1303.0,150.0,80.0,80.34,0.0,13.11,24.0,C,0.16666666666666669,0.0,0.16666666666666669,0.16666666666666669,0.16666666666666669,0.16666666666666669,0.0,0.0,0.0,0.0,0.0,0.16666666666666669,0.0,0.0,0.0,0.0,1.0000000000000002,6,1.0,1,0,0,0,1.0,1,0,0,0,https://10.1016/j.msea.2014.01.044,410.0,11.3,499.85,773.0,1,0.0,0.0,0.0,0.0,0.0,0.0,0.0,0.0,0.0,0.0,0.0,0.0,0.0,0.0,0.0,0.0,0.0,0.0,False,True,False,False,False,False,False,0.16666666666666669,0.16666666666666669
6-132426272829-161616161616-000128_1,AlCoCrCuFeNi,10.1016/j.msea.2017.02.072,BCC + FCC,7.085,198.0,1370.0,150.0,80.0,80.34,0.0,13.11,12.0,C,0.16666666666666669,0.0,0.16666666666666669,0.16666666666666669,0.16666666666666669,0.16666666666666669,0.0,0.0,0.0,0.0,0.0,0.16666666666666669,0.0,0.0,0.0,0.0,1.0000000000000002,6,1.0,1,1,0,0,2.0,1,1,0,0,https://10.1016/j.msea.2017.02.072,410.0,11.3,499.85,773.0,2,0.0,0.0,0.0,0.0,0.0,0.0,0.0,0.0,0.0,0.0,0.0,0.0,0.0,0.0,0.0,0.0,0.0,0.0,False,True,False,False,False,False,False,0.16666666666666669,0.16666666666666669
6-132326272829-021020302018-000143_1,Ni<sub>1.5</sub>CoFeCu<sub>0.9</sub>Al<sub>0.1</sub>V<sub>0.5</sub>,10.1016/j.msea.2017.09.119,FCC,7.085,198.0,1219.0,150.0,80.0,80.34,0.0,13.11,35.0,C,0.001,0.0,0.485,0.0,0.009000000000000001,0.485,0.0,0.0,0.0,0.0,0.0,0.015,0.0,0.0,0.005,0.0,1.0,6,0.01855670103092784,1,0,0,0,1.0,1,0,0,0,https://10.1016/j.msea.2017.09.119,410.0,11.3,499.85,773.0,1,0.0,0.0,0.0,0.0,0.0,0.0,0.0,0.0,0.0,0.0,0.0,0.0,0.0,0.0,0.0,0.0,0.0,0.0,False,True,False,False,False,False,False,0.009000000000000001,0.485
6-132326272829-041020302016-000143_1,Ni<sub>1.5</sub>CoFeCu<sub>0.8</sub>Al<sub>0.2</sub>V<sub>0.5</sub>,10.1016/j.msea.2017.09.119,FCC,7.085,198.0,1504.0,150.0,80.0,80.34,0.0,13.11,16.9,C,0.002,0.0,0.485,0.0,0.008,0.485,0.0,0.0,0.0,0.0,0.0,0.015,0.0,0.0,0.005,0.0,1.0,6,0.016494845360824743,1,0,0,0,1.0,1,0,0,0,https://10.1016/j.msea.2017.09.119,410.0,11.3,499.85,773.0,1,0.0,0.0,0.0,0.0,0.0,0.0,0.0,0.0,0.0,0.0,0.0,0.0,0.0,0.0,0.0,0.0,0.0,0.0,False,True,False,False,False,False,False,0.008,0.485
6-132326272829-061020302014-000143_1,Ni<sub>1.5</sub>CoFeCu<sub>0.7</sub>Al<sub>0.3</sub>V<sub>0.5</sub>,10.1016/j.msea.2017.09.119,FCC,7.085,198.0,1721.0,150.0,80.0,80.34,0.0,13.11,9.0,C,0.003,0.0,0.485,0.0,0.006999999999999999,0.485,0.0,0.0,0.0,0.0,0.0,0.015,0.0,0.0,0.005,0.0,1.0,6,0.014432989690721649,1,0,0,0,1.0,1,0,0,0,https://10.1016/j.msea.2017.09.119,410.0,11.3,499.85,773.0,1,0.0,0.0,0.0,0.0,0.0,0.0,0.0,0.0,0.0,0.0,0.0,0.0,0.0,0.0,0.0,0.0,0.0,0.0,False,True,False,False,False,False,False,0.006999999999999999,0.485
5-1326272829-2020202020-000146_1,AlCoCuFeNi,10.1016/j.matdes.2016.12.036,,7.085,202.0,1060.0,150.0,80.0,80.34,0.0,13.11,19.1,C,0.2,0.0,0.2,0.0,0.2,0.2,0.0,0.0,0.0,0.0,0.0,0.2,0.0,0.0,0.0,0.0,1.0,5,1.0,0,0,0,0,1.0,0,0,0,0,https://10.1016/j.matdes.2016.12.036,410.0,11.3,499.85,773.0,0,0.0,0.0,0.0,0.0,0.0,0.0,0.0,0.0,0.0,0.0,0.0,0.0,0.0,0.0,0.0,0.0,0.0,0.0,False,True,False,False,False,False,False,0.2,0.2
6-132426272829-161616161616-000146_1,AlCoCuFeNiCr,10.1016/j.matdes.2016.12.036,,7.085,219.0,1285.0,150.0,80.0,80.34,0.0,13.11,24.6,C,0.16666666666666669,0.0,0.16666666666666669,0.16666666666666669,0.16666666666666669,0.16666666666666669,0.0,0.0,0.0,0.0,0.0,0.16666666666666669,0.0,0.0,0.0,0.0,1.0000000000000002,6,1.0,0,0,0,0,1.0,0,0,0,0,https://10.1016/j.matdes.2016.12.036,410.0,11.3,499.85,773.0,0,0.0,0.0,0.0,0.0,0.0,0.0,0.0,0.0,0.0,0.0,0.0,0.0,0.0,0.0,0.0,0.0,0.0,0.0,False,True,False,False,False,False,False,0.16666666666666669,0.16666666666666669
6-132226272829-161616161616-000146_1,AlCoCuFeNiTi,10.1016/j.matdes.2016.12.036,,7.085,231.0,1612.0,150.0,80.0,80.34,0.0,13.11,12.8,C,0.16666666666666669,0.0,0.16666666666666669,0.0,0.16666666666666669,0.16666666666666669,0.0,0.0,0.0,0.0,0.0,0.16666666666666669,0.0,0.16666666666666669,0.0,0.0,1.0000000000000002,6,1.0,0,0,0,0,1.0,0,0,0,0,https://10.1016/j.matdes.2016.12.036,410.0,11.3,499.85,773.0,0,0.0,0.0,0.0,0.0,0.0,0.0,0.0,0.0,0.0,0.0,0.0,0.0,0.0,0.0,0.0,0.0,0.0,0.0,False,True,False,False,False,False,False,0.16666666666666669,0.16666666666666669
7-13222426272829-14141414141414-000146_1,AlCoCuFeNiCrTi,10.1016/j.matdes.2016.12.036,,7.085,239.0,1523.0,150.0,80.0,80.34,0.0,13.11,8.1,C,0.14285714285714288,0.0,0.14285714285714288,0.14285714285714288,0.14285714285714288,0.14285714285714288,0.0,0.0,0.0,0.0,0.0,0.14285714285714288,0.0,0.14285714285714288,0.0,0.0,1.0000000000000002,7,1.0,0,0,0,0,1.0,0,0,0,0,https://10.1016/j.matdes.2016.12.036,410.0,11.3,499.85,773.0,0,0.0,0.0,0.0,0.0,0.0,0.0,0.0,0.0,0.0,0.0,0.0,0.0,0.0,0.0,0.0,0.0,0.0,0.0,False,True,False,False,False,False,False,0.14285714285714288,0.14285714285714288
5-2426272829-2020202020-000152_1,CoCrCuFeNi,10.1016/j.msea.2017.09.102,FCC,7.085,198.0,320.0,150.0,80.0,80.34,0.0,13.11,60.0,C,0.0,0.0,0.2,0.2,0.2,0.2,0.0,0.0,0.0,0.0,0.0,0.2,0.0,0.0,0.0,0.0,1.0,5,1.0,1,0,0,0,1.0,1,0,0,0,https://10.1016/j.msea.2017.09.102,410.0,11.3,499.85,773.0,1,0.0,0.0,0.0,0.0,0.0,0.0,0.0,0.0,0.0,0.0,0.0,0.0,0.0,0.0,0.0,0.0,0.0,0.0,False,True,False,False,False,False,False,0.2,0.2
6-242627282964-019191919190-000152_1,Gd<sub>0.05</sub>CoCrCuFeNi,10.1016/j.msea.2017.09.102,FCC,7.085,198.0,300.0,150.0,80.0,80.34,0.0,13.11,60.0,C,0.0,0.0,0.1999,0.1999,0.1999,0.1999,0.0,0.0005,0.0,0.0,0.0,0.1999,0.0,0.0,0.0,0.0,0.9999999999999999,6,1.0,1,0,0,0,1.0,1,0,0,0,https://10.1016/j.msea.2017.09.102,410.0,11.3,499.85,773.0,1,0.0,0.0,0.0,0.0,0.0,0.0,0.0,0.0,0.0,0.0,0.0,0.0,0.0,0.0,0.0,0.0,0.0,0.0,False,True,False,False,False,False,False,0.1999,0.1999
6-242627282964-019191919191-000152_1,Gd<sub>0.1</sub>CoCrCuFeNi,10.1016/j.msea.2017.09.102,FCC,7.085,198.0,526.0,150.0,80.0,80.34,0.0,13.11,22.9,C,0.0,0.0,0.1998,0.1998,0.1998,0.1998,0.0,0.001,0.0,0.0,0.0,0.1998,0.0,0.0,0.0,0.0,1.0,6,1.0,1,0,0,0,1.0,1,0,0,0,https://10.1016/j.msea.2017.09.102,410.0,11.3,499.85,773.0,1,0.0,0.0,0.0,0.0,0.0,0.0,0.0,0.0,0.0,0.0,0.0,0.0,0.0,0.0,0.0,0.0,0.0,0.0,False,True,False,False,False,False,False,0.1998,0.1998
6-242627282964-019191919193-000152_1,Gd<sub>0.2</sub>CoCrCuFeNi,10.1016/j.msea.2017.09.102,FCC,7.085,198.0,739.0,150.0,80.0,80.34,0.0,13.11,16.6,C,0.0,0.0,0.1996,0.1996,0.1996,0.1996,0.0,0.002,0.0,0.0,0.0,0.1996,0.0,0.0,0.0,0.0,1.0,6,1.0,1,0,0,0,1.0,1,0,0,0,https://10.1016/j.msea.2017.09.102,410.0,11.3,499.85,773.0,1,0.0,0.0,0.0,0.0,0.0,0.0,0.0,0.0,0.0,0.0,0.0,0.0,0.0,0.0,0.0,0.0,0.0,0.0,False,True,False,False,False,False,False,0.1996,0.1996
6-242627282964-018181818185-000152_1,Gd<sub>0.3</sub>CoCrCuFeNi,10.1016/j.msea.2017.09.102,FCC,7.085,198.0,1132.0,150.0,80.0,80.34,0.0,13.11,12.8,C,0.0,0.0,0.19940000000000002,0.19940000000000002,0.19940000000000002,0.19940000000000002,0.0,0.003,0.0,0.0,0.0,0.19940000000000002,0.0,0.0,0.0,0.0,1.0,6,1.0,1,0,0,0,1.0,1,0,0,0,https://10.1016/j.msea.2017.09.102,410.0,11.3,499.85,773.0,1,0.0,0.0,0.0,0.0,0.0,0.0,0.0,0.0,0.0,0.0,0.0,0.0,0.0,0.0,0.0,0.0,0.0,0.0,False,True,False,False,False,False,False,0.19940000000000002,0.19940000000000002
4-13242629-25252525-000154_1,AlFeCuCr,10.1007/s1254 0-019-00565 -z,,7.085,198.0,1950.0,150.0,80.0,80.34,0.0,13.11,15.15,,0.25,0.0,0.0,0.25,0.25,0.25,0.0,0.0,0.0,0.0,0.0,0.0,0.0,0.0,0.0,0.0,1.0,4,1.0,0,0,0,0,1.0,0,0,0,0,https://10.1007/s1254 0-019-00565 -z,410.0,11.3,499.85,773.0,0,0.0,0.0,0.0,0.0,0.0,0.0,0.0,0.0,0.0,0.0,0.0,0.0,0.0,0.0,0.0,0.0,0.0,0.0,False,True,False,False,False,False,False,0.25,0.25
5-1213242629-1122222222-000154_1,AlFeCuCrMg<sub>0.5</sub>,10.1007/s1254 0-019-00565 -z,,7.085,198.0,2559.0,150.0,80.0,80.34,0.0,13.11,15.15,,0.24875,0.0,0.0,0.24875,0.24875,0.24875,0.0,0.0,0.005,0.0,0.0,0.0,0.0,0.0,0.0,0.0,1.0,5,1.0,0,0,0,0,1.0,0,0,0,0,https://10.1007/s1254 0-019-00565 -z,410.0,11.3,499.85,773.0,0,0.0,0.0,0.0,0.0,0.0,0.0,0.0,0.0,0.0,0.0,0.0,0.0,0.0,0.0,0.0,0.0,0.0,0.0,False,True,False,False,False,False,False,0.24875,0.24875
5-1213242629-2020202020-000154_1,AlFeCuCrMg,10.1007/s1254 0-019-00565 -z,,7.085,198.0,2220.0,150.0,80.0,80.34,0.0,13.11,15.15,,0.2,0.0,0.0,0.2,0.2,0.2,0.0,0.0,0.2,0.0,0.0,0.0,0.0,0.0,0.0,0.0,1.0,5,1.0,0,0,0,0,1.0,0,0,0,0,https://10.1007/s1254 0-019-00565 -z,410.0,11.3,499.85,773.0,0,0.0,0.0,0.0,0.0,0.0,0.0,0.0,0.0,0.0,0.0,0.0,0.0,0.0,0.0,0.0,0.0,0.0,0.0,False,True,False,False,False,False,False,0.2,0.2
5-1213242629-2718181818-000154_1,AlFeCuCrMg<sub>1.5</sub>,10.1007/s1254 0-019-00565 -z,,7.085,198.0,1559.0,150.0,80.0,80.34,0.0,13.11,15.15,,0.24625,0.0,0.0,0.24625,0.24625,0.24625,0.0,0.0,0.015,0.0,0.0,0.0,0.0,0.0,0.0,0.0,1.0,5,1.0,0,0,0,0,1.0,0,0,0,0,https://10.1007/s1254 0-019-00565 -z,410.0,11.3,499.85,773.0,0,0.0,0.0,0.0,0.0,0.0,0.0,0.0,0.0,0.0,0.0,0.0,0.0,0.0,0.0,0.0,0.0,0.0,0.0,False,True,False,False,False,False,False,0.24625,0.24625
5-2526272829-2020202020-000162_1,FeMnNiCoCu,10.1016/j.matdes.2018.07.046,,7.085,189.6,499.0,150.0,80.0,75.29,0.0,13.11,15.15,,0.0,0.0,0.2,0.0,0.2,0.2,0.0,0.0,0.0,0.2,0.0,0.2,0.0,0.0,0.0,0.0,1.0,5,1.0,0,0,0,0,1.0,0,0,0,0,https://10.1016/j.matdes.2018.07.046,410.0,11.3,499.85,773.0,0,0.0,0.0,0.0,0.0,0.0,0.0,0.0,0.0,0.0,0.0,0.0,0.0,0.0,0.0,0.0,0.0,0.0,0.0,False,True,False,False,False,False,False,0.2,0.2
6-222426272829-091818181818-000177_1,CoCrCuFeNiTi<sub>0.5</sub>,10.1016/j.msea.2018.09.050,,7.085,198.0,700.0,150.0,80.0,80.34,0.0,13.11,21.6,C,0.0,0.0,0.19899999999999998,0.19899999999999998,0.19899999999999998,0.19899999999999998,0.0,0.0,0.0,0.0,0.0,0.19899999999999998,0.0,0.005,0.0,0.0,0.9999999999999999,6,1.0,0,0,0,0,1.0,0,0,0,0,https://10.1016/j.msea.2018.09.050,410.0,11.3,499.85,773.0,0,0.0,0.0,0.0,0.0,0.0,0.0,0.0,0.0,0.0,0.0,0.0,0.0,0.0,0.0,0.0,0.0,0.0,0.0,False,True,False,False,False,False,False,0.19899999999999998,0.19899999999999998
6-222426272829-131717171717-000177_1,CoCrCuFeNiTi<sub>0.8</sub>,10.1016/j.msea.2018.09.050,,7.085,198.0,1042.0,150.0,80.0,80.34,0.0,13.11,2.11,C,0.0,0.0,0.1984,0.1984,0.1984,0.1984,0.0,0.0,0.0,0.0,0.0,0.1984,0.0,0.008,0.0,0.0,1.0,6,1.0,0,0,0,0,1.0,0,0,0,0,https://10.1016/j.msea.2018.09.050,410.0,11.3,499.85,773.0,0,0.0,0.0,0.0,0.0,0.0,0.0,0.0,0.0,0.0,0.0,0.0,0.0,0.0,0.0,0.0,0.0,0.0,0.0,False,True,False,False,False,False,False,0.1984,0.1984
6-242627282964-019191919191-000177_1,CoCrCuFeNiGd<sub>0.1</sub>,10.1016/j.msea.2018.09.050,,7.085,198.0,526.0,150.0,80.0,80.34,0.0,13.11,22.9,C,0.0,0.0,0.1998,0.1998,0.1998,0.1998,0.0,0.001,0.0,0.0,0.0,0.1998,0.0,0.0,0.0,0.0,1.0,6,1.0,0,0,0,0,1.0,0,0,0,0,https://10.1016/j.msea.2018.09.050,410.0,11.3,499.85,773.0,0,0.0,0.0,0.0,0.0,0.0,0.0,0.0,0.0,0.0,0.0,0.0,0.0,0.0,0.0,0.0,0.0,0.0,0.0,False,True,False,False,False,False,False,0.1998,0.1998
6-242627282964-019191919193-000177_1,CoCrCuFeNiGd<sub>0.2</sub>,10.1016/j.msea.2018.09.050,,7.085,198.0,739.0,150.0,80.0,80.34,0.0,13.11,16.6,C,0.0,0.0,0.1996,0.1996,0.1996,0.1996,0.0,0.002,0.0,0.0,0.0,0.1996,0.0,0.0,0.0,0.0,1.0,6,1.0,0,0,0,0,1.0,0,0,0,0,https://10.1016/j.msea.2018.09.050,410.0,11.3,499.85,773.0,0,0.0,0.0,0.0,0.0,0.0,0.0,0.0,0.0,0.0,0.0,0.0,0.0,0.0,0.0,0.0,0.0,0.0,0.0,False,True,False,False,False,False,False,0.1996,0.1996
6-242627282964-018181818185-000177_1,CoCrCuFeNiGd<sub>0.3</sub>,10.1016/j.msea.2018.09.050,,7.085,198.0,1132.0,150.0,80.0,80.34,0.0,13.11,12.8,C,0.0,0.0,0.19940000000000002,0.19940000000000002,0.19940000000000002,0.19940000000000002,0.0,0.003,0.0,0.0,0.0,0.19940000000000002,0.0,0.0,0.0,0.0,1.0,6,1.0,0,0,0,0,1.0,0,0,0,0,https://10.1016/j.msea.2018.09.050,410.0,11.3,499.85,773.0,0,0.0,0.0,0.0,0.0,0.0,0.0,0.0,0.0,0.0,0.0,0.0,0.0,0.0,0.0,0.0,0.0,0.0,0.0,False,True,False,False,False,False,False,0.19940000000000002,0.19940000000000002
7-13222426272829-00178171717174-000185_1,Cu<sub>0.25</sub>AlCoCrFeNiTi<sub>0.5</sub>,10.1016/j.intermet.2018.09.011,BCC,7.085,198.0,1994.0,150.0,80.0,80.34,0.0,13.11,9.05,C,0.1985,0.0,0.1985,0.1985,0.0025,0.1985,0.0,0.0,0.0,0.0,0.0,0.1985,0.0,0.005,0.0,0.0,1.0,7,0.012594458438287152,0,1,0,0,1.0,0,1,0,0,https://10.1016/j.intermet.2018.09.011,410.0,11.3,499.85,773.0,1,0.0,0.0,0.0,0.0,0.0,0.0,0.0,0.0,0.0,0.0,0.0,0.0,0.0,0.0,0.0,0.0,0.0,0.0,False,True,False,False,False,False,False,0.0025,0.1985
6-132426272829-161616161616-000194_1,AlCoCrCuFeNi,10.1016/j.jallcom.2018.01.247,,7.085,198.0,1300.0,150.0,80.0,80.34,0.0,13.11,9.9,C,0.16666666666666669,0.0,0.16666666666666669,0.16666666666666669,0.16666666666666669,0.16666666666666669,0.0,0.0,0.0,0.0,0.0,0.16666666666666669,0.0,0.0,0.0,0.0,1.0000000000000002,6,1.0,0,0,0,0,1.0,0,0,0,0,https://10.1016/j.jallcom.2018.01.247,410.0,11.3,499.85,773.0,0,0.0,0.0,0.0,0.0,0.0,0.0,0.0,0.0,0.0,0.0,0.0,0.0,0.0,0.0,0.0,0.0,0.0,0.0,False,True,False,False,False,False,False,0.16666666666666669,0.16666666666666669
7-13242627282942-01616161616163-000194_1,AlCoCrCuFeMo<sub>0.2</sub>Ni,10.1016/j.jallcom.2018.01.247,,7.085,198.0,1420.0,150.0,80.0,80.34,0.0,13.11,3.5,C,0.16633333333333333,0.0,0.16633333333333333,0.16633333333333333,0.16633333333333333,0.16633333333333333,0.0,0.0,0.0,0.0,0.002,0.16633333333333333,0.0,0.0,0.0,0.0,1.0,7,1.0,0,0,0,0,1.0,0,0,0,0,https://10.1016/j.jallcom.2018.01.247,410.0,11.3,499.85,773.0,0,0.0,0.0,0.0,0.0,0.0,0.0,0.0,0.0,0.0,0.0,0.0,0.0,0.0,0.0,0.0,0.0,0.0,0.0,False,True,False,False,False,False,False,0.16633333333333333,0.16633333333333333
7-13242627282942-01515151515156-000194_1,AlCoCrCuFeMo<sub>0.4</sub>Ni,10.1016/j.jallcom.2018.01.247,,7.085,198.0,1690.0,150.0,80.0,80.34,0.0,13.11,1.5,C,0.166,0.0,0.166,0.166,0.166,0.166,0.0,0.0,0.0,0.0,0.004000000000000001,0.166,0.0,0.0,0.0,0.0,1.0,7,1.0,0,0,0,0,1.0,0,0,0,0,https://10.1016/j.jallcom.2018.01.247,410.0,11.3,499.85,773.0,0,0.0,0.0,0.0,0.0,0.0,0.0,0.0,0.0,0.0,0.0,0.0,0.0,0.0,0.0,0.0,0.0,0.0,0.0,False,True,False,False,False,False,False,0.166,0.166
7-13242627282942-01515151515159-000194_1,AlCoCrCuFeMo<sub>0.6</sub>Ni,10.1016/j.jallcom.2018.01.247,,7.085,198.0,1880.0,150.0,80.0,80.34,0.0,13.11,1.4,C,0.16566666666666666,0.0,0.16566666666666666,0.16566666666666666,0.16566666666666666,0.16566666666666666,0.0,0.0,0.0,0.0,0.006,0.16566666666666666,0.0,0.0,0.0,0.0,0.9999999999999999,7,1.0,0,0,0,0,1.0,0,0,0,0,https://10.1016/j.jallcom.2018.01.247,410.0,11.3,499.85,773.0,0,0.0,0.0,0.0,0.0,0.0,0.0,0.0,0.0,0.0,0.0,0.0,0.0,0.0,0.0,0.0,0.0,0.0,0.0,False,True,False,False,False,False,False,0.16566666666666666,0.16566666666666666
7-13242627282942-14141414141411-000194_1,AlCoCrCuFeMo<sub>0.8</sub>Ni,10.1016/j.jallcom.2018.01.247,,7.085,198.0,1920.0,150.0,80.0,80.34,0.0,13.11,1.2,C,0.16533333333333333,0.0,0.16533333333333333,0.16533333333333333,0.16533333333333333,0.16533333333333333,0.0,0.0,0.0,0.0,0.008,0.16533333333333333,0.0,0.0,0.0,0.0,1.0,7,1.0,0,0,0,0,1.0,0,0,0,0,https://10.1016/j.jallcom.2018.01.247,410.0,11.3,499.85,773.0,0,0.0,0.0,0.0,0.0,0.0,0.0,0.0,0.0,0.0,0.0,0.0,0.0,0.0,0.0,0.0,0.0,0.0,0.0,False,True,False,False,False,False,False,0.16533333333333333,0.16533333333333333
7-13242627282942-14141414141414-000194_1,AlCoCrCuFeMoNi,10.1016/j.jallcom.2018.01.247,,7.085,198.0,1750.0,150.0,80.0,80.34,0.0,13.11,1.1,C,0.14285714285714288,0.0,0.14285714285714288,0.14285714285714288,0.14285714285714288,0.14285714285714288,0.0,0.0,0.0,0.0,0.14285714285714288,0.14285714285714288,0.0,0.0,0.0,0.0,1.0000000000000002,7,1.0,0,0,0,0,1.0,0,0,0,0,https://10.1016/j.jallcom.2018.01.247,410.0,11.3,499.85,773.0,0,0.0,0.0,0.0,0.0,0.0,0.0,0.0,0.0,0.0,0.0,0.0,0.0,0.0,0.0,0.0,0.0,0.0,0.0,False,True,False,False,False,False,False,0.14285714285714288,0.14285714285714288
6-222426272829-091818181818-000194_1,CoCrCuFeNiTi<sub>0.5</sub>,10.1016/j.jallcom.2018.01.247,,7.085,198.0,700.0,150.0,80.0,80.34,0.0,13.11,21.6,C,0.0,0.0,0.19899999999999998,0.19899999999999998,0.19899999999999998,0.19899999999999998,0.0,0.0,0.0,0.0,0.0,0.19899999999999998,0.0,0.005,0.0,0.0,0.9999999999999999,6,1.0,0,0,0,0,1.0,0,0,0,0,https://10.1016/j.jallcom.2018.01.247,410.0,11.3,499.85,773.0,0,0.0,0.0,0.0,0.0,0.0,0.0,0.0,0.0,0.0,0.0,0.0,0.0,0.0,0.0,0.0,0.0,0.0,0.0,False,True,False,False,False,False,False,0.19899999999999998,0.19899999999999998
6-222426272829-131717171717-000194_1,CoCrCuFeNiTi<sub>0.8</sub>,10.1016/j.jallcom.2018.01.247,,7.085,198.0,1042.0,150.0,80.0,80.34,0.0,13.11,2.11,C,0.0,0.0,0.1984,0.1984,0.1984,0.1984,0.0,0.0,0.0,0.0,0.0,0.1984,0.0,0.008,0.0,0.0,1.0,6,1.0,0,0,0,0,1.0,0,0,0,0,https://10.1016/j.jallcom.2018.01.247,410.0,11.3,499.85,773.0,0,0.0,0.0,0.0,0.0,0.0,0.0,0.0,0.0,0.0,0.0,0.0,0.0,0.0,0.0,0.0,0.0,0.0,0.0,False,True,False,False,False,False,False,0.1984,0.1984
5-1326272829-2020202020-000209_1,FeCoNi(CuAl)<sub>0.8</sub>,10.1016/j.jallcom.2018.02.189,FCC,7.085,198.0,601.0,150.0,80.0,80.34,0.0,13.11,37.2,C,0.2,0.0,0.2,0.0,0.2,0.2,0.0,0.0,0.0,0.0,0.0,0.2,0.0,0.0,0.0,0.0,1.0,5,1.0,1,0,0,0,1.0,1,0,0,0,https://10.1016/j.jallcom.2018.02.189,410.0,11.3,499.85,773.0,1,0.0,0.0,0.0,0.0,0.0,0.0,0.0,0.0,0.0,0.0,0.0,0.0,0.0,0.0,0.0,0.0,0.0,0.0,False,True,False,False,False,False,False,0.2,0.2
6-132627282931-019191919190-000209_1,FeCoNi(CuAl)<sub>0.8</sub>Ga<sub>0.02</sub>,10.1016/j.jallcom.2018.02.189,FCC,7.085,198.0,803.0,150.0,80.0,80.34,0.0,13.11,39.4,C,0.19996,0.0,0.19996,0.0,0.19996,0.19996,0.00019999999999999998,0.0,0.0,0.0,0.0,0.19996,0.0,0.0,0.0,0.0,1.0,6,1.0,1,0,0,0,1.0,1,0,0,0,https://10.1016/j.jallcom.2018.02.189,410.0,11.3,499.85,773.0,1,0.0,0.0,0.0,0.0,0.0,0.0,0.0,0.0,0.0,0.0,0.0,0.0,0.0,0.0,0.0,0.0,0.0,0.0,False,True,False,False,False,False,False,0.19996,0.19996
6-132627282931-019191919190-000209_2,FeCoNi(CuAl)<sub>0.8</sub>Ga<sub>0.04</sub>,10.1016/j.jallcom.2018.02.189,FCC,7.085,198.0,886.0,150.0,80.0,80.34,0.0,13.11,28.9,C,0.19992000000000001,0.0,0.19992000000000001,0.0,0.19992000000000001,0.19992000000000001,0.0004000000000000001,0.0,0.0,0.0,0.0,0.19992000000000001,0.0,0.0,0.0,0.0,1.0,6,1.0,1,0,0,0,1.0,1,0,0,0,https://10.1016/j.jallcom.2018.02.189,410.0,11.3,499.85,773.0,1,0.0,0.0,0.0,0.0,0.0,0.0,0.0,0.0,0.0,0.0,0.0,0.0,0.0,0.0,0.0,0.0,0.0,0.0,False,True,False,False,False,False,False,0.19992000000000001,0.19992000000000001
6-132627282931-019191919191-000209_1,FeCoNi(CuAl)<sub>0.8</sub>Ga<sub>0.06</sub>,10.1016/j.jallcom.2018.02.189,FCC,7.085,198.0,993.0,150.0,80.0,80.34,0.0,13.11,23.6,C,0.19988,0.0,0.19988,0.0,0.19988,0.19988,0.0006,0.0,0.0,0.0,0.0,0.19988,0.0,0.0,0.0,0.0,1.0,6,1.0,1,0,0,0,1.0,1,0,0,0,https://10.1016/j.jallcom.2018.02.189,410.0,11.3,499.85,773.0,1,0.0,0.0,0.0,0.0,0.0,0.0,0.0,0.0,0.0,0.0,0.0,0.0,0.0,0.0,0.0,0.0,0.0,0.0,False,True,False,False,False,False,False,0.19988,0.19988
6-132627282931-019191919191-000209_2,FeCoNi(CuAl)<sub>0.8</sub>Ga<sub>0.08</sub>,10.1016/j.jallcom.2018.02.189,FCC,7.085,198.0,1176.0,150.0,80.0,80.34,0.0,13.11,16.5,C,0.19984,0.0,0.19984,0.0,0.19984,0.19984,0.0007999999999999999,0.0,0.0,0.0,0.0,0.19984,0.0,0.0,0.0,0.0,1.0,6,1.0,1,0,0,0,1.0,1,0,0,0,https://10.1016/j.jallcom.2018.02.189,410.0,11.3,499.85,773.0,1,0.0,0.0,0.0,0.0,0.0,0.0,0.0,0.0,0.0,0.0,0.0,0.0,0.0,0.0,0.0,0.0,0.0,0.0,False,True,False,False,False,False,False,0.19984,0.19984
5-1326272829-0724242417-000216_1,Al<sub>8</sub>Co<sub>25</sub>Cu<sub>18</sub>Fe<sub>25</sub>Ni<sub>25</sub>,10.1016/j.matdes.2018.01.045,FCC,7.99,198.0,192.0,150.0,80.0,80.34,0.0,13.11,15.15,,0.07920792079207921,0.0,0.24752475247524752,0.0,0.1782178217821782,0.24752475247524752,0.0,0.0,0.0,0.0,0.0,0.24752475247524752,0.0,0.0,0.0,0.0,1.0,5,0.72,1,0,0,0,1.0,1,0,0,0,https://10.1016/j.matdes.2018.01.045,410.0,11.3,499.85,773.0,1,0.0,0.0,0.0,0.0,0.0,0.0,0.0,0.0,0.0,0.0,0.0,0.0,0.0,0.0,0.0,0.0,0.0,0.0,False,True,False,False,False,False,False,0.1782178217821782,0.24752475247524752
6-132426272829-201616161616-000219_1,Al<sub>1.25</sub>CoCrCuFeNi,10.1016/j.msea.2017.12.084,,7.085,198.0,1350.0,150.0,80.0,80.34,0.0,13.11,15.3,C,0.0125,0.0,0.1975,0.1975,0.1975,0.1975,0.0,0.0,0.0,0.0,0.0,0.1975,0.0,0.0,0.0,0.0,1.0,6,1.0,0,0,0,0,1.0,0,0,0,0,https://10.1016/j.msea.2017.12.084,410.0,11.3,499.85,773.0,0,0.0,0.0,0.0,0.0,0.0,0.0,0.0,0.0,0.0,0.0,0.0,0.0,0.0,0.0,0.0,0.0,0.0,0.0,False,True,False,False,False,False,False,0.1975,0.1975
6-132426272829-201616161616-000219_2,Al<sub>1.25</sub>CoCrCuFeNi,10.1016/j.msea.2017.12.084,,7.085,198.0,1300.0,150.0,80.0,80.34,0.0,13.11,6.0,,0.0125,0.0,0.1975,0.1975,0.1975,0.1975,0.0,0.0,0.0,0.0,0.0,0.1975,0.0,0.0,0.0,0.0,1.0,6,1.0,0,0,0,0,1.0,0,0,0,0,https://10.1016/j.msea.2017.12.084,410.0,11.3,499.85,773.0,0,0.0,0.0,0.0,0.0,0.0,0.0,0.0,0.0,0.0,0.0,0.0,0.0,0.0,0.0,0.0,0.0,0.0,0.0,False,True,False,False,False,False,False,0.1975,0.1975
6-132426272829-201616161616-000219_3,Al<sub>1.25</sub>CoCrCuFeNi,10.1016/j.msea.2017.12.084,,7.085,198.0,1500.0,150.0,80.0,80.34,0.0,13.11,12.5,,0.0125,0.0,0.1975,0.1975,0.1975,0.1975,0.0,0.0,0.0,0.0,0.0,0.1975,0.0,0.0,0.0,0.0,1.0,6,1.0,0,0,0,0,1.0,0,0,0,0,https://10.1016/j.msea.2017.12.084,410.0,11.3,499.85,773.0,0,0.0,0.0,0.0,0.0,0.0,0.0,0.0,0.0,0.0,0.0,0.0,0.0,0.0,0.0,0.0,0.0,0.0,0.0,False,True,False,False,False,False,False,0.1975,0.1975
6-132426272829-201616161616-000219_4,Al<sub>1.25</sub>CoCrCuFeNi,10.1016/j.msea.2017.12.084,,7.085,198.0,1000.0,150.0,80.0,80.34,0.0,13.11,20.0,,0.0125,0.0,0.1975,0.1975,0.1975,0.1975,0.0,0.0,0.0,0.0,0.0,0.1975,0.0,0.0,0.0,0.0,1.0,6,1.0,0,0,0,0,1.0,0,0,0,0,https://10.1016/j.msea.2017.12.084,410.0,11.3,499.85,773.0,0,0.0,0.0,0.0,0.0,0.0,0.0,0.0,0.0,0.0,0.0,0.0,0.0,0.0,0.0,0.0,0.0,0.0,0.0,False,True,False,False,False,False,False,0.1975,0.1975
6-132426272829-201616161616-000219_6,Al<sub>1.25</sub>CoCrCuFeNi,10.1016/j.msea.2017.12.084,,7.085,198.0,1040.0,150.0,80.0,80.34,0.0,13.11,1.0,,0.0125,0.0,0.1975,0.1975,0.1975,0.1975,0.0,0.0,0.0,0.0,0.0,0.1975,0.0,0.0,0.0,0.0,1.0,6,1.0,0,0,0,0,1.0,0,0,0,0,https://10.1016/j.msea.2017.12.084,410.0,11.3,499.85,773.0,0,0.0,0.0,0.0,0.0,0.0,0.0,0.0,0.0,0.0,0.0,0.0,0.0,0.0,0.0,0.0,0.0,0.0,0.0,False,True,False,False,False,False,False,0.1975,0.1975
6-132426272829-201616161616-000219_7,Al<sub>1.25</sub>CoCrCuFeNi,10.1016/j.msea.2017.12.084,,7.085,198.0,1430.0,150.0,80.0,80.34,0.0,13.11,29.6,,0.0125,0.0,0.1975,0.1975,0.1975,0.1975,0.0,0.0,0.0,0.0,0.0,0.1975,0.0,0.0,0.0,0.0,1.0,6,1.0,0,0,0,0,1.0,0,0,0,0,https://10.1016/j.msea.2017.12.084,410.0,11.3,499.85,773.0,0,0.0,0.0,0.0,0.0,0.0,0.0,0.0,0.0,0.0,0.0,0.0,0.0,0.0,0.0,0.0,0.0,0.0,0.0,False,True,False,False,False,False,False,0.1975,0.1975
6-132426272829-201616161616-000219_8,Al<sub>1.25</sub>CoCrCuFeNi,10.1016/j.msea.2017.12.084,,7.085,198.0,2050.0,150.0,80.0,80.34,0.0,13.11,4.5,,0.0125,0.0,0.1975,0.1975,0.1975,0.1975,0.0,0.0,0.0,0.0,0.0,0.1975,0.0,0.0,0.0,0.0,1.0,6,1.0,0,0,0,0,1.0,0,0,0,0,https://10.1016/j.msea.2017.12.084,410.0,11.3,499.85,773.0,0,0.0,0.0,0.0,0.0,0.0,0.0,0.0,0.0,0.0,0.0,0.0,0.0,0.0,0.0,0.0,0.0,0.0,0.0,False,True,False,False,False,False,False,0.1975,0.1975
6-132426272829-201616161616-000219_9,Al<sub>1.25</sub>CoCrCuFeNi,10.1016/j.msea.2017.12.084,,7.085,198.0,1900.0,150.0,80.0,80.34,0.0,13.11,7.9,,0.0125,0.0,0.1975,0.1975,0.1975,0.1975,0.0,0.0,0.0,0.0,0.0,0.1975,0.0,0.0,0.0,0.0,1.0,6,1.0,0,0,0,0,1.0,0,0,0,0,https://10.1016/j.msea.2017.12.084,410.0,11.3,499.85,773.0,0,0.0,0.0,0.0,0.0,0.0,0.0,0.0,0.0,0.0,0.0,0.0,0.0,0.0,0.0,0.0,0.0,0.0,0.0,False,True,False,False,False,False,False,0.1975,0.1975
6-132426272829-201616161616-000219_10,Al<sub>1.25</sub>CoCrCuFeNi,10.1016/j.msea.2017.12.084,,7.085,198.0,1860.0,150.0,80.0,80.34,0.0,13.11,10.5,,0.0125,0.0,0.1975,0.1975,0.1975,0.1975,0.0,0.0,0.0,0.0,0.0,0.1975,0.0,0.0,0.0,0.0,1.0,6,1.0,0,0,0,0,1.0,0,0,0,0,https://10.1016/j.msea.2017.12.084,410.0,11.3,499.85,773.0,0,0.0,0.0,0.0,0.0,0.0,0.0,0.0,0.0,0.0,0.0,0.0,0.0,0.0,0.0,0.0,0.0,0.0,0.0,False,True,False,False,False,False,False,0.1975,0.1975
6-132426272829-201616161616-000219_11,Al<sub>1.25</sub>CoCrCuFeNi,10.1016/j.msea.2017.12.084,,7.085,198.0,1760.0,150.0,80.0,80.34,0.0,13.11,17.8,C,0.0125,0.0,0.1975,0.1975,0.1975,0.1975,0.0,0.0,0.0,0.0,0.0,0.1975,0.0,0.0,0.0,0.0,1.0,6,1.0,0,0,0,0,1.0,0,0,0,0,https://10.1016/j.msea.2017.12.084,410.0,11.3,499.85,773.0,0,0.0,0.0,0.0,0.0,0.0,0.0,0.0,0.0,0.0,0.0,0.0,0.0,0.0,0.0,0.0,0.0,0.0,0.0,False,True,False,False,False,False,False,0.1975,0.1975
6-132426272829-201616161616-000219_12,Al<sub>1.25</sub>CoCrCuFeNi,10.1016/j.msea.2017.12.084,,7.085,198.0,1200.0,150.0,80.0,80.34,0.0,13.11,31.6,,0.0125,0.0,0.1975,0.1975,0.1975,0.1975,0.0,0.0,0.0,0.0,0.0,0.1975,0.0,0.0,0.0,0.0,1.0,6,1.0,0,0,0,0,1.0,0,0,0,0,https://10.1016/j.msea.2017.12.084,410.0,11.3,499.85,773.0,0,0.0,0.0,0.0,0.0,0.0,0.0,0.0,0.0,0.0,0.0,0.0,0.0,0.0,0.0,0.0,0.0,0.0,0.0,False,True,False,False,False,False,False,0.1975,0.1975
6-132426272829-201616161616-000219_13,Al<sub>1.25</sub>CoCrCuFeNi,10.1016/j.msea.2017.12.084,,7.085,198.0,1200.0,150.0,80.0,80.34,0.0,13.11,26.3,,0.0125,0.0,0.1975,0.1975,0.1975,0.1975,0.0,0.0,0.0,0.0,0.0,0.1975,0.0,0.0,0.0,0.0,1.0,6,1.0,0,0,0,0,1.0,0,0,0,0,https://10.1016/j.msea.2017.12.084,410.0,11.3,499.85,773.0,0,0.0,0.0,0.0,0.0,0.0,0.0,0.0,0.0,0.0,0.0,0.0,0.0,0.0,0.0,0.0,0.0,0.0,0.0,False,True,False,False,False,False,False,0.1975,0.1975
6-132426272829-201616161616-000219_14,Al<sub>1.25</sub>CoCrCuFeNi,10.1016/j.msea.2017.12.084,,7.085,198.0,1020.0,150.0,80.0,80.34,0.0,13.11,47.4,,0.0125,0.0,0.1975,0.1975,0.1975,0.1975,0.0,0.0,0.0,0.0,0.0,0.1975,0.0,0.0,0.0,0.0,1.0,6,1.0,0,0,0,0,1.0,0,0,0,0,https://10.1016/j.msea.2017.12.084,410.0,11.3,499.85,773.0,0,0.0,0.0,0.0,0.0,0.0,0.0,0.0,0.0,0.0,0.0,0.0,0.0,0.0,0.0,0.0,0.0,0.0,0.0,False,True,False,False,False,False,False,0.1975,0.1975
7-016132426272829-01621616161616-000221_1,Al<sub>0.15</sub>CoCrCuFeNiC,10.1016/j.jallcom.2018.05.180,FCC,7.73,148.3,2047.0,150.0,80.0,80.34,0.0,13.11,15.15,,0.0015,0.16641666666666666,0.16641666666666666,0.16641666666666666,0.16641666666666666,0.16641666666666666,0.0,0.0,0.0,0.0,0.0,0.16641666666666666,0.0,0.0,0.0,0.0,1.0,7,1.0,1,0,0,0,1.0,1,0,0,0,https://10.1016/j.jallcom.2018.05.180,410.0,11.3,499.85,773.0,1,0.0,0.0,0.0,0.0,0.0,0.0,0.0,0.0,0.0,0.0,0.0,0.0,0.0,0.0,0.0,0.0,0.0,0.0,False,True,False,False,False,False,False,0.16641666666666666,0.16641666666666666
8-01313222426272829-0132131313131313-000221_1,Al<sub>0.15</sub>CoCrCuFeNiTiC,10.1016/j.jallcom.2018.05.180,FCC+BCC,6.87,161.3,2199.0,150.0,80.0,80.34,0.0,13.11,15.15,,0.0015,0.14264285714285715,0.14264285714285715,0.14264285714285715,0.14264285714285715,0.14264285714285715,0.0,0.0,0.0,0.0,0.0,0.14264285714285715,0.0,0.14264285714285715,0.0,0.0,1.0000000000000002,8,1.0,1,1,0,0,2.0,1,1,0,0,https://10.1016/j.jallcom.2018.05.180,410.0,11.3,499.85,773.0,2,0.0,0.0,0.0,0.0,0.0,0.0,0.0,0.0,0.0,0.0,0.0,0.0,0.0,0.0,0.0,0.0,0.0,0.0,False,True,False,False,False,False,False,0.14264285714285715,0.14264285714285715
8-01213222426272829-0121241212121212-000221_1,Al<sub>0.15</sub>CoCrCuFeNiTi<sub>2</sub>C,10.1016/j.jallcom.2018.05.180,FCC+BCC,6.7,179.3,2877.0,150.0,80.0,80.34,0.0,13.11,15.15,,0.0015,0.16308333333333333,0.16308333333333333,0.16308333333333333,0.16308333333333333,0.16308333333333333,0.0,0.0,0.0,0.0,0.0,0.16308333333333333,0.0,0.02,0.0,0.0,1.0,8,1.0,1,1,0,0,2.0,1,1,0,0,https://10.1016/j.jallcom.2018.05.180,410.0,11.3,499.85,773.0,2,0.0,0.0,0.0,0.0,0.0,0.0,0.0,0.0,0.0,0.0,0.0,0.0,0.0,0.0,0.0,0.0,0.0,0.0,False,True,False,False,False,False,False,0.16308333333333333,0.16308333333333333
5-2324252629-0029298291-000233_1,CrMn<sub>0.3</sub>FeVCu<sub>0.06</sub>,10.1016/j.jmst.2018.02.026,FCC+BCC,7.085,198.0,1273.0,150.0,80.0,80.34,0.0,13.11,50.7,C,0.0,0.0,0.0,0.33213333333333334,0.0006,0.33213333333333334,0.0,0.0,0.0,0.003,0.0,0.0,0.0,0.0,0.33213333333333334,0.0,1.0,5,0.0018065034122842231,1,1,0,0,2.0,1,1,0,0,https://10.1016/j.jmst.2018.02.026,410.0,11.3,499.85,773.0,2,0.0,0.0,0.0,0.0,0.0,0.0,0.0,0.0,0.0,0.0,0.0,0.0,0.0,0.0,0.0,0.0,0.0,0.0,False,True,False,False,False,False,False,0.0006,0.33213333333333334
5-2324252629-0272713272-000233_1,CrMn<sub>0.5</sub>FeVCu<sub>0.10</sub>,10.1016/j.jmst.2018.02.026,FCC+BCC,7.085,198.0,1087.0,150.0,80.0,80.34,0.0,13.11,49.2,C,0.0,0.0,0.0,0.3313333333333333,0.001,0.3313333333333333,0.0,0.0,0.0,0.005,0.0,0.0,0.0,0.0,0.3313333333333333,0.0,1.0,5,0.003018108651911469,1,1,0,0,2.0,1,1,0,0,https://10.1016/j.jmst.2018.02.026,410.0,11.3,499.85,773.0,2,0.0,0.0,0.0,0.0,0.0,0.0,0.0,0.0,0.0,0.0,0.0,0.0,0.0,0.0,0.0,0.0,0.0,0.0,False,True,False,False,False,False,False,0.001,0.3313333333333333
5-2324252629-0262618263-000233_1,CrMn<sub>0.7</sub>FeVCu<sub>0.14</sub>,10.1016/j.jmst.2018.02.026,FCC+BCC,7.085,198.0,1068.0,150.0,80.0,80.34,0.0,13.11,49.8,C,0.0,0.0,0.0,0.33053333333333335,0.0014000000000000002,0.33053333333333335,0.0,0.0,0.0,0.006999999999999999,0.0,0.0,0.0,0.0,0.33053333333333335,0.0,1.0,5,0.0042355788624445345,1,1,0,0,2.0,1,1,0,0,https://10.1016/j.jmst.2018.02.026,410.0,11.3,499.85,773.0,2,0.0,0.0,0.0,0.0,0.0,0.0,0.0,0.0,0.0,0.0,0.0,0.0,0.0,0.0,0.0,0.0,0.0,0.0,False,True,False,False,False,False,False,0.0014000000000000002,0.33053333333333335
5-2324252629-0232323234-000233_1,CrMnFeVCu<sub>0.20</sub>,10.1016/j.jmst.2018.02.026,FCC+BCC,7.085,198.0,862.0,150.0,80.0,80.34,0.0,13.11,48.7,C,0.0,0.0,0.0,0.2495,0.002,0.2495,0.0,0.0,0.0,0.2495,0.0,0.0,0.0,0.0,0.2495,0.0,1.0,5,0.008016032064128256,1,1,0,0,2.0,1,1,0,0,https://10.1016/j.jmst.2018.02.026,410.0,11.3,499.85,773.0,2,0.0,0.0,0.0,0.0,0.0,0.0,0.0,0.0,0.0,0.0,0.0,0.0,0.0,0.0,0.0,0.0,0.0,0.0,False,True,False,False,False,False,False,0.002,0.2495
5-2224262930-2020202020-000246_1,CuCrFeTiZn,10.1016/j.wear.2018.05.023,FCC+BCC,6.94,241.0,585.0,150.0,80.0,80.34,0.0,21.67,15.15,,0.0,0.0,0.0,0.2,0.2,0.2,0.0,0.0,0.0,0.0,0.0,0.0,0.0,0.2,0.0,0.2,1.0,5,1.0,1,1,0,0,2.0,1,1,0,0,https://10.1016/j.wear.2018.05.023,410.0,11.3,499.85,773.0,2,0.0,0.0,0.0,0.0,0.0,0.0,0.0,0.0,0.0,0.0,0.0,0.0,0.0,0.0,0.0,0.0,0.0,0.0,False,True,False,False,False,False,False,0.2,0.2
6-222426293082-101010101050-000246_1,(CuCrFeTiZn)<sub>95</sub>Pb<sub>5</sub>,10.1016/j.wear.2018.05.023,Multiphase,7.55,174.0,440.0,150.0,80.0,80.34,0.0,13.11,15.15,,0.0,0.0,0.0,0.19,0.19,0.19,0.0,0.0,0.0,0.0,0.0,0.0,0.05,0.19,0.0,0.19,1.0,6,1.0,0,0,0,0,1.0,0,0,0,0,https://10.1016/j.wear.2018.05.023,410.0,11.3,499.85,773.0,0,0.0,0.0,0.0,0.0,0.0,0.0,0.0,0.0,0.0,0.0,0.0,0.0,0.0,0.0,0.0,0.0,0.0,0.0,False,True,False,False,False,False,False,0.19,0.19
6-222426293082-000006666666-000246_1,(CuCrFeTiZn)<sub>90</sub>Pb<sub>10</sub>,10.1016/j.wear.2018.05.023,Multiphase,7.85,144.0,258.0,150.0,80.0,80.34,0.0,10.02,15.15,,0.0,0.0,0.0,0.18,0.18,0.18,0.0,0.0,0.0,0.0,0.0,0.0,0.1,0.18,0.0,0.18,1.0,6,1.0,0,0,0,0,1.0,0,0,0,0,https://10.1016/j.wear.2018.05.023,410.0,11.3,499.85,773.0,0,0.0,0.0,0.0,0.0,0.0,0.0,0.0,0.0,0.0,0.0,0.0,0.0,0.0,0.0,0.0,0.0,0.0,0.0,False,True,False,False,False,False,False,0.18,0.18
5-1326272829-2222112222-000292_1,AlCoCuFeNi<sub>0.5</sub>,10.1016/j.jmst.2018.12.014,BCC+FCC+B2,7.085,198.0,929.0,150.0,80.0,80.34,0.0,13.11,13.7,C,0.24875,0.0,0.24875,0.0,0.24875,0.24875,0.0,0.0,0.0,0.0,0.0,0.005,0.0,0.0,0.0,0.0,1.0,5,1.0,1,1,0,0,3.0,1,1,0,0,https://10.1016/j.jmst.2018.12.014,410.0,11.3,499.85,773.0,2,0.0,0.0,0.0,0.0,0.0,0.0,0.0,0.0,0.0,0.0,0.0,0.0,0.0,0.0,0.0,0.0,0.0,0.0,False,True,False,False,False,False,False,0.24875,0.24875
5-1326272829-2020162020-000292_1,AlCoCuFeNi<sub>0.8</sub>,10.1016/j.jmst.2018.12.014,BCC+FCC+B2,7.085,198.0,1021.0,150.0,80.0,80.34,0.0,13.11,12.3,C,0.248,0.0,0.248,0.0,0.248,0.248,0.0,0.0,0.0,0.0,0.0,0.008,0.0,0.0,0.0,0.0,1.0,5,1.0,1,1,0,0,3.0,1,1,0,0,https://10.1016/j.jmst.2018.12.014,410.0,11.3,499.85,773.0,2,0.0,0.0,0.0,0.0,0.0,0.0,0.0,0.0,0.0,0.0,0.0,0.0,0.0,0.0,0.0,0.0,0.0,0.0,False,True,False,False,False,False,False,0.248,0.248
5-1326272829-2020202020-000292_1,AlCoCuFeNi<sub>1.0</sub>,10.1016/j.jmst.2018.12.014,FCC+BCC+B2,7.085,198.0,994.0,150.0,80.0,80.34,0.0,13.11,24.5,C,0.2475,0.0,0.2475,0.0,0.2475,0.2475,0.0,0.0,0.0,0.0,0.0,0.01,0.0,0.0,0.0,0.0,1.0,5,1.0,1,1,0,0,3.0,1,1,0,0,https://10.1016/j.jmst.2018.12.014,410.0,11.3,499.85,773.0,2,0.0,0.0,0.0,0.0,0.0,0.0,0.0,0.0,0.0,0.0,0.0,0.0,0.0,0.0,0.0,0.0,0.0,0.0,False,True,False,False,False,False,False,0.2475,0.2475
5-1326272829-1818271818-000292_1,AlCoCuFeNi<sub>1.5</sub>,10.1016/j.jmst.2018.12.014,FCC+BCC+B2,7.085,198.0,680.0,150.0,80.0,80.34,0.0,13.11,35.9,C,0.24625,0.0,0.24625,0.0,0.24625,0.24625,0.0,0.0,0.0,0.0,0.0,0.015,0.0,0.0,0.0,0.0,1.0,5,1.0,1,1,0,0,3.0,1,1,0,0,https://10.1016/j.jmst.2018.12.014,410.0,11.3,499.85,773.0,2,0.0,0.0,0.0,0.0,0.0,0.0,0.0,0.0,0.0,0.0,0.0,0.0,0.0,0.0,0.0,0.0,0.0,0.0,False,True,False,False,False,False,False,0.24625,0.24625
5-1326272829-1616331616-000292_1,AlCoCuFeNi<sub>2.0</sub>,10.1016/j.jmst.2018.12.014,FCC+BCC+B2,7.085,198.0,544.0,150.0,80.0,80.34,0.0,13.11,15.15,,0.245,0.0,0.245,0.0,0.245,0.245,0.0,0.0,0.0,0.0,0.0,0.02,0.0,0.0,0.0,0.0,1.0,5,1.0,1,1,0,0,3.0,1,1,0,0,https://10.1016/j.jmst.2018.12.014,410.0,11.3,499.85,773.0,2,0.0,0.0,0.0,0.0,0.0,0.0,0.0,0.0,0.0,0.0,0.0,0.0,0.0,0.0,0.0,0.0,0.0,0.0,False,True,False,False,False,False,False,0.245,0.245
5-1326272829-1414421414-000292_1,AlCoCuFeNi<sub>3.0</sub>,10.1016/j.jmst.2018.12.014,FCC,7.085,198.0,268.0,150.0,80.0,80.34,0.0,13.11,15.15,,0.2425,0.0,0.2425,0.0,0.2425,0.2425,0.0,0.0,0.0,0.0,0.0,0.03,0.0,0.0,0.0,0.0,1.0,5,1.0,1,0,0,0,1.0,1,0,0,0,https://10.1016/j.jmst.2018.12.014,410.0,11.3,499.85,773.0,1,0.0,0.0,0.0,0.0,0.0,0.0,0.0,0.0,0.0,0.0,0.0,0.0,0.0,0.0,0.0,0.0,0.0,0.0,False,True,False,False,False,False,False,0.2425,0.2425
6-132426272829-161616161616-000299_1,AlCoCrCuFeNi,10.1016/j.mtla.2019.100259,,7.085,198.0,1051.0,150.0,80.0,80.34,0.0,13.11,22.5,C,0.16666666666666669,0.0,0.16666666666666669,0.16666666666666669,0.16666666666666669,0.16666666666666669,0.0,0.0,0.0,0.0,0.0,0.16666666666666669,0.0,0.0,0.0,0.0,1.0000000000000002,6,1.0,0,0,0,0,1.0,0,0,0,0,https://10.1016/j.mtla.2019.100259,410.0,11.3,499.85,773.0,0,0.0,0.0,0.0,0.0,0.0,0.0,0.0,0.0,0.0,0.0,0.0,0.0,0.0,0.0,0.0,0.0,0.0,0.0,False,True,False,False,False,False,False,0.16666666666666669,0.16666666666666669
7-13242627282942-01515151515157-000299_1,AlCoCrCuFeNiMo<sub>0.5</sub>,10.1016/j.mtla.2019.100259,,7.085,198.0,2751.0,150.0,80.0,80.34,0.0,13.11,2.5,C,0.16583333333333333,0.0,0.16583333333333333,0.16583333333333333,0.16583333333333333,0.16583333333333333,0.0,0.0,0.0,0.0,0.005,0.16583333333333333,0.0,0.0,0.0,0.0,1.0,7,1.0,0,0,0,0,1.0,0,0,0,0,https://10.1016/j.mtla.2019.100259,410.0,11.3,499.85,773.0,0,0.0,0.0,0.0,0.0,0.0,0.0,0.0,0.0,0.0,0.0,0.0,0.0,0.0,0.0,0.0,0.0,0.0,0.0,False,True,False,False,False,False,False,0.16583333333333333,0.16583333333333333
6-132426272829-161616161616-000314_1,AlCoCrFeNiCu,10.1016/j.triboint.2018.10.012,BCC+B2,7.085,198.0,1170.0,150.0,80.0,80.34,0.0,13.11,15.15,,0.16666666666666669,0.0,0.16666666666666669,0.16666666666666669,0.16666666666666669,0.16666666666666669,0.0,0.0,0.0,0.0,0.0,0.16666666666666669,0.0,0.0,0.0,0.0,1.0000000000000002,6,1.0,0,1,0,0,2.0,0,1,0,0,https://10.1016/j.triboint.2018.10.012,410.0,11.3,499.85,773.0,1,0.0,0.0,0.0,0.0,0.0,0.0,0.0,0.0,0.0,0.0,0.0,0.0,0.0,0.0,0.0,0.0,0.0,0.0,False,True,False,False,False,False,False,0.16666666666666669,0.16666666666666669
6-222426272829-131717171717-000318_1,CoCrCuFeNiTi<sub>0.8</sub>,10.1016/j.jallcom.2019.07.100,,7.085,198.0,1042.0,150.0,80.0,80.34,0.0,13.11,2.11,C,0.0,0.0,0.1984,0.1984,0.1984,0.1984,0.0,0.0,0.0,0.0,0.0,0.1984,0.0,0.008,0.0,0.0,1.0,6,1.0,0,0,0,0,1.0,0,0,0,0,https://10.1016/j.jallcom.2019.07.100,410.0,11.3,499.85,773.0,0,0.0,0.0,0.0,0.0,0.0,0.0,0.0,0.0,0.0,0.0,0.0,0.0,0.0,0.0,0.0,0.0,0.0,0.0,False,True,False,False,False,False,False,0.1984,0.1984
6-222426272829-161616161616-000318_1,CoCrCuFeNiTi<sub>1.0</sub>,10.1016/j.jallcom.2019.07.100,,7.085,198.0,1272.0,150.0,80.0,80.34,0.0,13.11,15.15,,0.0,0.0,0.198,0.198,0.198,0.198,0.0,0.0,0.0,0.0,0.0,0.198,0.0,0.01,0.0,0.0,1.0,6,1.0,0,0,0,0,1.0,0,0,0,0,https://10.1016/j.jallcom.2019.07.100,410.0,11.3,499.85,773.0,0,0.0,0.0,0.0,0.0,0.0,0.0,0.0,0.0,0.0,0.0,0.0,0.0,0.0,0.0,0.0,0.0,0.0,0.0,False,True,False,False,False,False,False,0.198,0.198
5-1326272829-2020202020-000318_1,AlCoCuFeNi,10.1016/j.jallcom.2019.07.100,,7.085,198.0,1060.0,150.0,80.0,80.34,0.0,13.11,19.1,C,0.2,0.0,0.2,0.0,0.2,0.2,0.0,0.0,0.0,0.0,0.0,0.2,0.0,0.0,0.0,0.0,1.0,5,1.0,0,0,0,0,1.0,0,0,0,0,https://10.1016/j.jallcom.2019.07.100,410.0,11.3,499.85,773.0,0,0.0,0.0,0.0,0.0,0.0,0.0,0.0,0.0,0.0,0.0,0.0,0.0,0.0,0.0,0.0,0.0,0.0,0.0,False,True,False,False,False,False,False,0.2,0.2
6-132426272829-161616161616-000318_1,AlCoCuFeNiCr,10.1016/j.jallcom.2019.07.100,,7.085,198.0,1285.0,150.0,80.0,80.34,0.0,13.11,24.6,C,0.16666666666666669,0.0,0.16666666666666669,0.16666666666666669,0.16666666666666669,0.16666666666666669,0.0,0.0,0.0,0.0,0.0,0.16666666666666669,0.0,0.0,0.0,0.0,1.0000000000000002,6,1.0,0,0,0,0,1.0,0,0,0,0,https://10.1016/j.jallcom.2019.07.100,410.0,11.3,499.85,773.0,0,0.0,0.0,0.0,0.0,0.0,0.0,0.0,0.0,0.0,0.0,0.0,0.0,0.0,0.0,0.0,0.0,0.0,0.0,False,True,False,False,False,False,False,0.16666666666666669,0.16666666666666669
6-132226272829-161616161616-000318_1,AlCoCuFeNiTi,10.1016/j.jallcom.2019.07.100,,7.085,198.0,1612.0,150.0,80.0,80.34,0.0,13.11,12.8,C,0.16666666666666669,0.0,0.16666666666666669,0.0,0.16666666666666669,0.16666666666666669,0.0,0.0,0.0,0.0,0.0,0.16666666666666669,0.0,0.16666666666666669,0.0,0.0,1.0000000000000002,6,1.0,0,0,0,0,1.0,0,0,0,0,https://10.1016/j.jallcom.2019.07.100,410.0,11.3,499.85,773.0,0,0.0,0.0,0.0,0.0,0.0,0.0,0.0,0.0,0.0,0.0,0.0,0.0,0.0,0.0,0.0,0.0,0.0,0.0,False,True,False,False,False,False,False,0.16666666666666669,0.16666666666666669
7-13222426272829-14141414141414-000318_1,AlCoCuFeNiCrTi,10.1016/j.jallcom.2019.07.100,,7.085,198.0,1523.0,150.0,80.0,80.34,0.0,13.11,8.1,C,0.14285714285714288,0.0,0.14285714285714288,0.14285714285714288,0.14285714285714288,0.14285714285714288,0.0,0.0,0.0,0.0,0.0,0.14285714285714288,0.0,0.14285714285714288,0.0,0.0,1.0000000000000002,7,1.0,0,0,0,0,1.0,0,0,0,0,https://10.1016/j.jallcom.2019.07.100,410.0,11.3,499.85,773.0,0,0.0,0.0,0.0,0.0,0.0,0.0,0.0,0.0,0.0,0.0,0.0,0.0,0.0,0.0,0.0,0.0,0.0,0.0,False,True,False,False,False,False,False,0.14285714285714288,0.14285714285714288
5-1322262729-2222152020-000375_2,Al<sub>22.5</sub>Cu<sub>20</sub>Fe<sub>15</sub>Ni<sub>20</sub>Ti<sub>22.5</sub>,10.1016/j.jallcom.2020.156466,,7.085,198.0,737.0,150.0,80.0,80.34,0.0,13.11,8.8,C,0.225,0.0,0.0,0.0,0.2,0.15,0.0,0.0,0.0,0.0,0.0,0.2,0.0,0.225,0.0,0.0,1.0000000000000002,5,1.3333333333333335,0,0,0,0,1.0,0,0,0,0,https://10.1016/j.jallcom.2020.156466,410.0,11.3,499.85,773.0,0,0.0,0.0,0.0,0.0,0.0,0.0,0.0,0.0,0.0,0.0,0.0,0.0,0.0,0.0,0.0,0.0,0.0,0.0,False,True,False,False,False,False,False,0.2,0.15
5-1322262729-2020202020-000375_2,AlCuFeNiTi,10.1016/j.jallcom.2020.156466,,7.085,198.0,697.0,150.0,80.0,80.34,0.0,13.11,4.3,C,0.2,0.0,0.0,0.0,0.2,0.2,0.0,0.0,0.0,0.0,0.0,0.2,0.0,0.2,0.0,0.0,1.0,5,1.0,0,0,0,0,1.0,0,0,0,0,https://10.1016/j.jallcom.2020.156466,410.0,11.3,499.85,773.0,0,0.0,0.0,0.0,0.0,0.0,0.0,0.0,0.0,0.0,0.0,0.0,0.0,0.0,0.0,0.0,0.0,0.0,0.0,False,True,False,False,False,False,False,0.2,0.2
6-132224252629-000063253333-000406_1,Al<sub>63</sub>Ti<sub>25</sub>Cr<sub>3</sub>Mn<sub>3</sub>Fe<sub>3</sub>Cu<sub>3</sub>,10.1016/j.scriptamat.2023.115928,Multiphase,3.65,198.0,409.0,150.0,80.0,80.34,0.0,13.11,20.5,C,0.63,0.0,0.0,0.03,0.03,0.03,0.0,0.0,0.0,0.03,0.0,0.0,0.0,0.25,0.0,0.0,1.0,6,1.0,0,0,0,0,1.0,0,0,0,0,https://10.1016/j.scriptamat.2023.115928,410.0,11.3,499.85,773.0,0,0.0,0.0,0.0,0.0,0.0,0.0,0.0,0.0,0.0,0.0,0.0,0.0,0.0,0.0,0.0,0.0,0.0,0.0,False,True,False,False,False,False,False,0.03,0.03
6-132224252629-000060205555-000406_1,Al<sub>60</sub>Ti<sub>20</sub>Cr<sub>5</sub>Mn<sub>5</sub>Fe<sub>5</sub>Cu<sub>5</sub>,10.1016/j.scriptamat.2023.115928,Multiphase,3.88,198.0,519.0,150.0,80.0,80.34,0.0,13.11,18.0,C,0.6,0.0,0.0,0.05,0.05,0.05,0.0,0.0,0.0,0.05,0.0,0.0,0.0,0.2,0.0,0.0,1.0000000000000002,6,1.0,0,0,0,0,1.0,0,0,0,0,https://10.1016/j.scriptamat.2023.115928,410.0,11.3,499.85,773.0,0,0.0,0.0,0.0,0.0,0.0,0.0,0.0,0.0,0.0,0.0,0.0,0.0,0.0,0.0,0.0,0.0,0.0,0.0,False,True,False,False,False,False,False,0.05,0.05
6-132224252629-000552051055-000406_1,Al<sub>55</sub>Ti<sub>20</sub>Cr<sub>5</sub>Mn<sub>10</sub>Fe<sub>5</sub>Cu<sub>5</sub>,10.1016/j.scriptamat.2023.115928,Multiphase,4.08,198.0,650.0,150.0,80.0,80.34,0.0,13.11,16.7,C,0.55,0.0,0.0,0.05,0.05,0.05,0.0,0.0,0.0,0.1,0.0,0.0,0.0,0.2,0.0,0.0,1.0000000000000002,6,1.0,0,0,0,0,1.0,0,0,0,0,https://10.1016/j.scriptamat.2023.115928,410.0,11.3,499.85,773.0,0,0.0,0.0,0.0,0.0,0.0,0.0,0.0,0.0,0.0,0.0,0.0,0.0,0.0,0.0,0.0,0.0,0.0,0.0,False,True,False,False,False,False,False,0.05,0.05
6-132224252629-005020101055-000406_1,Al<sub>50</sub>Ti<sub>20</sub>Cr<sub>10</sub>Mn<sub>10</sub>Fe<sub>5</sub>Cu<sub>5</sub>,10.1016/j.scriptamat.2023.115928,Multiphase,4.27,198.0,716.0,150.0,80.0,80.34,0.0,13.11,12.4,C,0.5,0.0,0.0,0.1,0.05,0.05,0.0,0.0,0.0,0.1,0.0,0.0,0.0,0.2,0.0,0.0,1.0,6,1.0,0,0,0,0,1.0,0,0,0,0,https://10.1016/j.scriptamat.2023.115928,410.0,11.3,499.85,773.0,0,0.0,0.0,0.0,0.0,0.0,0.0,0.0,0.0,0.0,0.0,0.0,0.0,0.0,0.0,0.0,0.0,0.0,0.0,False,True,False,False,False,False,False,0.05,0.05
5-2425262729-0242424241-000426_1,Cu<sub>0.07</sub>CrFeMnNi,10.1016/j.intermet.2023.108100,FCC,7.085,206.21,109.28,150.0,80.0,80.9,0.0,13.11,15.15,,0.0,0.0,0.0,0.24982500000000002,0.0007000000000000001,0.24982500000000002,0.0,0.0,0.0,0.24982500000000002,0.0,0.24982500000000002,0.0,0.0,0.0,0.0,1.0,5,0.002801961372961073,1,0,0,0,1.0,1,0,0,0,https://10.1016/j.intermet.2023.108100,410.0,11.3,499.85,773.0,1,0.0,0.0,0.0,0.0,0.0,0.0,0.0,0.0,0.0,0.0,0.0,0.0,0.0,0.0,0.0,0.0,0.0,0.0,False,True,False,False,False,False,False,0.0007000000000000001,0.24982500000000002
5-2425262729-0242424243-000426_1,Cu<sub>0.14</sub>CrFeMnNi,10.1016/j.intermet.2023.108100,FCC,7.085,207.74,108.62,150.0,80.0,81.56,0.0,13.11,15.15,,0.0,0.0,0.0,0.24965,0.0014000000000000002,0.24965,0.0,0.0,0.0,0.24965,0.0,0.24965,0.0,0.0,0.0,0.0,1.0,5,0.005607850991387944,1,0,0,0,1.0,1,0,0,0,https://10.1016/j.intermet.2023.108100,410.0,11.3,499.85,773.0,1,0.0,0.0,0.0,0.0,0.0,0.0,0.0,0.0,0.0,0.0,0.0,0.0,0.0,0.0,0.0,0.0,0.0,0.0,False,True,False,False,False,False,False,0.0014000000000000002,0.24965
6-132425262729-003232323231-000426_1,Al<sub>0.15</sub>Cu<sub>0.07</sub>CrFeMnNi,10.1016/j.intermet.2023.108100,FCC,7.085,205.3,118.86,150.0,80.0,80.34,0.0,13.11,15.15,,0.0015,0.0,0.0,0.24945,0.0007000000000000001,0.24945,0.0,0.0,0.0,0.24945,0.0,0.24945,0.0,0.0,0.0,0.0,1.0,6,0.0028061735818801364,1,0,0,0,1.0,1,0,0,0,https://10.1016/j.intermet.2023.108100,410.0,11.3,499.85,773.0,1,0.0,0.0,0.0,0.0,0.0,0.0,0.0,0.0,0.0,0.0,0.0,0.0,0.0,0.0,0.0,0.0,0.0,0.0,False,True,False,False,False,False,False,0.0007000000000000001,0.24945
6-132425262729-003232323233-000426_1,Al<sub>0.15</sub>Cu<sub>0.14</sub>CrFeMnNi,10.1016/j.intermet.2023.108100,FCC,7.085,205.42,119.72,150.0,80.0,80.42,0.0,13.11,15.15,,0.0015,0.0,0.0,0.249275,0.0014000000000000002,0.249275,0.0,0.0,0.0,0.249275,0.0,0.249275,0.0,0.0,0.0,0.0,1.0,6,0.00561628723297563,1,0,0,0,1.0,1,0,0,0,https://10.1016/j.intermet.2023.108100,410.0,11.3,499.85,773.0,1,0.0,0.0,0.0,0.0,0.0,0.0,0.0,0.0,0.0,0.0,0.0,0.0,0.0,0.0,0.0,0.0,0.0,0.0,False,True,False,False,False,False,False,0.0014000000000000002,0.249275
6-132425262729-006222222221-000426_1,Al<sub>0.3</sub>Cu<sub>0.07</sub>CrFeMnNi,10.1016/j.intermet.2023.108100,FCC,7.085,202.93,124.19,150.0,80.0,79.15,0.0,13.11,15.15,,0.003,0.0,0.0,0.249075,0.0007000000000000001,0.249075,0.0,0.0,0.0,0.249075,0.0,0.249075,0.0,0.0,0.0,0.0,0.9999999999999998,6,0.0028103984743551146,1,0,0,0,1.0,1,0,0,0,https://10.1016/j.intermet.2023.108100,410.0,11.3,499.85,773.0,1,0.0,0.0,0.0,0.0,0.0,0.0,0.0,0.0,0.0,0.0,0.0,0.0,0.0,0.0,0.0,0.0,0.0,0.0,False,True,False,False,False,False,False,0.0007000000000000001,0.249075
6-132425262729-006222222223-000426_1,Al<sub>0.3</sub>Cu<sub>0.14</sub>CrFeMnNi,10.1016/j.intermet.2023.108100,FCC,7.085,203.96,117.13,150.0,80.0,79.82,0.0,13.11,15.15,,0.003,0.0,0.0,0.2489,0.0014000000000000002,0.2489,0.0,0.0,0.0,0.2489,0.0,0.2489,0.0,0.0,0.0,0.0,1.0,6,0.0056247488951386105,1,0,0,0,1.0,1,0,0,0,https://10.1016/j.intermet.2023.108100,410.0,11.3,499.85,773.0,1,0.0,0.0,0.0,0.0,0.0,0.0,0.0,0.0,0.0,0.0,0.0,0.0,0.0,0.0,0.0,0.0,0.0,0.0,False,True,False,False,False,False,False,0.0014000000000000002,0.2489
